filename,gt_common_name,gt_is_empty,pred_category,top_det_label,top_det_conf,species_label,species_common_name,species_conf,prediction_source,detect_ms,classify_ms,total_ms
S1_P06_R1_PICT2721.jpg,empty,True,empty,,,,,,,1585,,1842
S1_G07_R1_PICT0047.jpg,empty,True,empty,,,,,,,1124,,1133
S1_N04_R1_PICT2917.jpg,empty,True,empty,,,,,,,1069,,1077
S1_R09_R2_PICT0664.jpg,empty,True,empty,,,,,,,1095,,1104
S1_H01_R1_PICT2225.jpg,empty,True,empty,,,,,,,1075,,1084
S1_C03_R5_PICT0312.jpg,giraffe,False,animal,animal,0.885,2dca052b-dff5-4cc9-8072-1282c5713286;mammalia;artiodactyla;giraffidae;giraffa;camelopardalis;giraffe,giraffe,0.975,classifier,1037,242,1288
S1_F04_R1_PICT0121.jpg,empty,True,empty,,,,,,,1155,,1164
S1_V12_R1_PICT4514.jpg,empty,True,empty,,,,,,,1077,,1086
S1_B04_R1_PICT0018.jpg,zebra,False,animal,animal,0.9683,dd39bbd5-077c-482e-9d33-bd176116c870;mammalia;perissodactyla;equidae;equus;quagga;plains zebra,zebra,0.9938,classifier,1789,377,2185
S1_B05_R3_PICT0053.jpg,impala,False,animal,animal,0.9403,c134e0ab-cf96-45ec-bae6-60b94995f71b;mammalia;artiodactyla;bovidae;aepyceros;melampus;impala,impala,0.8074,classifier,1044,196,1250
S1_B05_R3_PICT0094.jpg,empty,True,empty,,,,,,,1035,,1043
S1_B05_R3_PICT0293.jpg,gazelle,False,animal,animal,0.9241,dc5dbe17-a8ca-40a6-ac6a-3b6b1d63e6d6;mammalia;artiodactyla;bovidae;eudorcas;thomsonii;thomson's gazelle,gazelle,0.9957,classifier,1044,197,1250
S1_B05_R3_PICT0340.jpg,zebra,False,empty,,,,,,,1034,,1043
S1_B05_R3_PICT0481.jpg,zebra,False,animal,animal,0.9391,dd39bbd5-077c-482e-9d33-bd176116c870;mammalia;perissodactyla;equidae;equus;quagga;plains zebra,zebra,0.9928,classifier,1088,204,1300
S1_B05_R3_PICT0515.jpg,wildebeest,False,animal,animal,0.939,09fbf931-bbf0-4959-9df6-1082db578281;mammalia;artiodactyla;bovidae;connochaetes;taurinus;common wildebeest,wildebeest,0.9927,classifier,1081,215,1305
S1_B06_R1_PICT0023.jpg,empty,True,empty,,,,,,,1151,,1160
S1_B06_R1_PICT0056.jpg,elephant,False,animal,animal,0.9586,55631055-3e0e-4b7a-9612-dedebe9f78b0;mammalia;proboscidea;elephantidae;loxodonta;africana;african elephant,elephant,0.9941,classifier,1063,196,1267
S1_B06_R1_PICT0058.jpg,impala,False,animal,animal,0.9463,c134e0ab-cf96-45ec-bae6-60b94995f71b;mammalia;artiodactyla;bovidae;aepyceros;melampus;impala,impala,0.7227,classifier,1052,194,1254
S1_B06_R1_PICT0059.jpg,impala,False,animal,animal,0.8265,c134e0ab-cf96-45ec-bae6-60b94995f71b;mammalia;artiodactyla;bovidae;aepyceros;melampus;impala,impala,0.8674,classifier,1047,194,1249
S1_B06_R1_PICT0063.jpg,impala,False,animal,animal,0.9511,c134e0ab-cf96-45ec-bae6-60b94995f71b;mammalia;artiodactyla;bovidae;aepyceros;melampus;impala,impala,0.8226,classifier,1038,197,1244
S1_B06_R1_PICT0064.jpg,elephant,False,animal,animal,0.9607,55631055-3e0e-4b7a-9612-dedebe9f78b0;mammalia;proboscidea;elephantidae;loxodonta;africana;african elephant,elephant,0.9981,classifier,1162,200,1370
S1_B06_R2_PICT0008.jpg,impala,False,animal,animal,0.9664,c134e0ab-cf96-45ec-bae6-60b94995f71b;mammalia;artiodactyla;bovidae;aepyceros;melampus;impala,impala,0.9976,classifier,1239,199,1447
S1_B06_R2_PICT0009.jpg,impala,False,animal,animal,0.9696,c134e0ab-cf96-45ec-bae6-60b94995f71b;mammalia;artiodactyla;bovidae;aepyceros;melampus;impala,impala,0.9389,classifier,1086,200,1295
S1_B06_R3_PICT0026.jpg,impala,False,animal,animal,0.9485,c134e0ab-cf96-45ec-bae6-60b94995f71b;mammalia;artiodactyla;bovidae;aepyceros;melampus;impala,impala,0.8498,classifier,1217,212,1438
S1_B06_R3_PICT0060.jpg,impala,False,animal,animal,0.8829,c134e0ab-cf96-45ec-bae6-60b94995f71b;mammalia;artiodactyla;bovidae;aepyceros;melampus;impala,impala,0.8472,classifier,1068,202,1278
S1_B06_R3_PICT0065.jpg,impala,False,animal,animal,0.9763,c134e0ab-cf96-45ec-bae6-60b94995f71b;mammalia;artiodactyla;bovidae;aepyceros;melampus;impala,impala,0.9442,classifier,1058,201,1267
S1_B06_R3_PICT0152.jpg,impala,False,animal,animal,0.9656,c134e0ab-cf96-45ec-bae6-60b94995f71b;mammalia;artiodactyla;bovidae;aepyceros;melampus;impala,impala,0.9522,classifier,1055,203,1268
S1_B07_R1_PICT0035.jpg,zebra,False,animal,animal,0.9561,dd39bbd5-077c-482e-9d33-bd176116c870;mammalia;perissodactyla;equidae;equus;quagga;plains zebra,zebra,0.9784,classifier,1067,205,1281
S1_B07_R1_PICT0166.jpg,empty,True,empty,animal,0.1948,,,,,1127,,1135
S1_B07_R1_PICT0288.jpg,gazelle,False,animal,animal,0.8862,dc5dbe17-a8ca-40a6-ac6a-3b6b1d63e6d6;mammalia;artiodactyla;bovidae;eudorcas;thomsonii;thomson's gazelle,gazelle,0.9952,classifier,1098,200,1307
S1_B07_R1_PICT0414.jpg,zebra,False,animal,animal,0.9206,dd39bbd5-077c-482e-9d33-bd176116c870;mammalia;perissodactyla;equidae;equus;quagga;plains zebra,zebra,0.9465,classifier,1074,200,1283
S1_B07_R1_PICT1144.jpg,gazelle,False,animal,animal,0.9526,dc5dbe17-a8ca-40a6-ac6a-3b6b1d63e6d6;mammalia;artiodactyla;bovidae;eudorcas;thomsonii;thomson's gazelle,gazelle,0.9968,classifier,1148,200,1356
S1_C03_R1_PICT0121.jpg,empty,True,animal,animal,0.2661,f1856211-cfb7-4a5b-9158-c0f72fd09ee6;;;;;;blank,blank,0.9956,classifier,1070,203,1281
S1_C03_R1_PICT0156.jpg,empty,True,animal,animal,0.4024,f1856211-cfb7-4a5b-9158-c0f72fd09ee6;;;;;;blank,blank,0.991,classifier,1100,202,1313
S1_C03_R1_PICT0355.jpg,empty,True,animal,animal,0.2609,f2efdae9-efb8-48fb-8a91-eccf79ab4ffb;no cv result;no cv result;no cv result;no cv result;no cv result;no cv result,unknown,0.9852,classifier,1067,206,1282
S1_C03_R1_PICT0366.jpg,empty,True,empty,animal,0.1319,,,,,1063,,1072
S1_C03_R1_PICT0373.jpg,empty,True,animal,animal,0.2392,f1856211-cfb7-4a5b-9158-c0f72fd09ee6;;;;;;blank,blank,0.999,classifier,1091,203,1303
S1_C03_R1_PICT0473.jpg,empty,True,animal,animal,0.4991,f1856211-cfb7-4a5b-9158-c0f72fd09ee6;;;;;;blank,blank,0.9978,classifier,1137,202,1348
S1_C03_R1_PICT0516.jpg,empty,True,empty,,,,,,,1093,,1101
S1_C03_R1_PICT0550.jpg,empty,True,empty,,,,,,,1179,,1188
S1_C03_R1_PICT0874.jpg,empty,True,empty,,,,,,,1084,,1094
S1_C03_R1_PICT0964.jpg,empty,True,animal,animal,0.5448,1f689929-883d-4dae-958c-3d57ab5b6c16;;;;;;animal,animal,0.5448,detector,1114,343,1466
S1_C03_R1_PICT1044.jpg,empty,True,empty,,,,,,,1976,,1992
S1_C03_R1_PICT1105.jpg,empty,True,empty,,,,,,,1389,,1400
S1_C03_R1_PICT1175.jpg,empty,True,animal,animal,0.5229,f1856211-cfb7-4a5b-9158-c0f72fd09ee6;;;;;;blank,blank,0.9931,classifier,1403,366,1778
S1_C03_R1_PICT1446.jpg,empty,True,animal,animal,0.4209,f1856211-cfb7-4a5b-9158-c0f72fd09ee6;;;;;;blank,blank,0.9942,classifier,1329,221,1560
S1_C03_R1_PICT1489.jpg,empty,True,animal,animal,0.409,f1856211-cfb7-4a5b-9158-c0f72fd09ee6;;;;;;blank,blank,0.9982,classifier,1268,227,1504
S1_C03_R1_PICT1641.jpg,empty,True,empty,,,,,,,2099,,2108
S1_C03_R1_PICT1716.jpg,empty,True,empty,,,,,,,1236,,1248
S1_C03_R1_PICT1896.jpg,empty,True,empty,,,,,,,1306,,1315
S1_C03_R1_PICT1938.jpg,empty,True,empty,animal,0.1724,,,,,1221,,1230
S1_C03_R1_PICT1995.jpg,empty,True,empty,,,,,,,1552,,1561
S1_C03_R1_PICT2150.jpg,empty,True,animal,animal,0.6595,f1856211-cfb7-4a5b-9158-c0f72fd09ee6;;;;;;blank,blank,0.9902,classifier,1564,336,1910
S1_C03_R1_PICT2246.jpg,empty,True,animal,animal,0.5212,1f689929-883d-4dae-958c-3d57ab5b6c16;;;;;;animal,animal,0.5212,detector,1297,245,1552
S1_C03_R1_PICT2292.jpg,empty,True,animal,animal,0.5713,f1856211-cfb7-4a5b-9158-c0f72fd09ee6;;;;;;blank,blank,0.9983,classifier,1229,241,1479
S1_C03_R1_PICT2469.jpg,empty,True,empty,,,,,,,1399,,1409
S1_C03_R1_PICT2542.jpg,empty,True,empty,,,,,,,1297,,1309
S1_C03_R1_PICT2837.jpg,giraffe,False,animal,animal,0.746,f2d233e3-80e3-433d-9687-e29ecc7a467a;mammalia;;;;;mammal,mammal,0.9255,classifier+rollup_to_class,1321,242,1572
S1_C03_R1_PICT2845.jpg,empty,True,empty,,,,,,,1248,,1257
S1_C03_R2_PICT0125.jpg,empty,True,empty,,,,,,,1277,,1286
S1_C03_R2_PICT0204.jpg,empty,True,empty,,,,,,,1333,,1343
S1_C03_R2_PICT0227.jpg,empty,True,empty,,,,,,,1298,,1307
S1_C03_R2_PICT0306.jpg,empty,True,empty,,,,,,,1290,,1298
S1_C03_R2_PICT0357.jpg,empty,True,empty,,,,,,,1322,,1331
S1_C03_R2_PICT0373.jpg,empty,True,empty,,,,,,,1333,,1342
S1_C03_R2_PICT0433.jpg,empty,True,empty,animal,0.1562,,,,,1263,,1274
S1_C03_R2_PICT0563.jpg,empty,True,empty,,,,,,,1204,,1212
S1_C03_R2_PICT0601.jpg,empty,True,empty,,,,,,,1318,,1329
S1_C03_R2_PICT0693.jpg,empty,True,empty,,,,,,,1252,,1261
S1_C03_R2_PICT0839.jpg,empty,True,empty,,,,,,,1181,,1190
S1_C03_R2_PICT0884.jpg,empty,True,empty,,,,,,,1233,,1242
S1_C03_R2_PICT0927.jpg,empty,True,empty,,,,,,,1313,,1322
S1_C03_R2_PICT0965.jpg,empty,True,empty,,,,,,,1279,,1289
S1_C03_R2_PICT1007.jpg,empty,True,empty,,,,,,,1333,,1342
S1_C03_R3_PICT0036.jpg,empty,True,empty,,,,,,,1212,,1222
S1_C03_R3_PICT1588.jpg,empty,True,empty,,,,,,,1238,,1248
S1_C03_R3_PICT1828.jpg,empty,True,empty,,,,,,,1649,,1659
S1_C03_R3_PICT2384.jpg,empty,True,empty,,,,,,,1563,,1590
S1_C03_R3_PICT2553.jpg,empty,True,empty,,,,,,,1285,,1299
S1_C03_R4_PICT0062.jpg,empty,True,empty,,,,,,,1541,,1551
S1_C03_R4_PICT0076.jpg,empty,True,empty,,,,,,,2001,,2011
S1_C03_R4_PICT0213.jpg,empty,True,empty,,,,,,,1576,,1595
S1_C03_R4_PICT0599.jpg,empty,True,empty,,,,,,,1815,,1850
S1_C03_R4_PICT0641.jpg,empty,True,empty,,,,,,,2615,,2640
S1_C03_R4_PICT0783.jpg,empty,True,empty,,,,,,,1781,,1800
S1_C03_R4_PICT1074.jpg,empty,True,empty,,,,,,,2104,,2121
S1_C03_R4_PICT1342.jpg,empty,True,empty,,,,,,,1499,,1520
S1_C03_R4_PICT1919.jpg,empty,True,empty,,,,,,,1842,,1855
S1_C03_R5_PICT0100.jpg,empty,True,empty,,,,,,,1407,,1448
S1_C03_R5_PICT0245.jpg,empty,True,empty,,,,,,,1207,,1217
S1_C03_R5_PICT0347.jpg,empty,True,empty,,,,,,,1197,,1206
S1_C03_R5_PICT0761.jpg,empty,True,empty,,,,,,,1196,,1206
S1_C03_R5_PICT0875.jpg,empty,True,empty,,,,,,,1305,,1315
S1_C03_R5_PICT1338.jpg,empty,True,empty,,,,,,,1171,,1180
S1_C03_R5_PICT2437.jpg,empty,True,empty,,,,,,,1308,,1318
S1_C03_R5_PICT2464.jpg,empty,True,empty,,,,,,,1315,,1326
S1_C03_R5_PICT2602.jpg,empty,True,empty,,,,,,,1243,,1253
S1_C03_R5_PICT2681.jpg,empty,True,empty,,,,,,,1606,,1616
S1_C04_R1_PICT0046.jpg,empty,True,empty,,,,,,,1714,,1726
S1_C04_R1_PICT0112.jpg,empty,True,empty,,,,,,,1461,,1481
S1_C04_R1_PICT0165.jpg,warthog,False,animal,animal,0.947,ccd7d6d7-8eb2-4fdb-a6d6-f1970847e449;mammalia;artiodactyla;suidae;phacochoerus;africanus;common warthog,warthog,0.9883,classifier,1385,263,1661
S1_C04_R3_PICT0374.jpg,gazelle,False,animal,animal,0.9253,dc5dbe17-a8ca-40a6-ac6a-3b6b1d63e6d6;mammalia;artiodactyla;bovidae;eudorcas;thomsonii;thomson's gazelle,gazelle,0.9756,classifier,1363,243,1615
S1_C04_R4_PICT0417.jpg,gazelle,False,animal,animal,0.966,dc5dbe17-a8ca-40a6-ac6a-3b6b1d63e6d6;mammalia;artiodactyla;bovidae;eudorcas;thomsonii;thomson's gazelle,gazelle,0.6706,classifier,1537,291,1837
S1_C04_R4_PICT0574.jpg,empty,True,empty,,,,,,,1439,,1450
S1_C04_R4_PICT0709.jpg,empty,True,empty,,,,,,,1301,,1309
S1_C04_R4_PICT1263.jpg,empty,True,empty,,,,,,,1872,,1886
S1_C04_R4_PICT1620.jpg,empty,True,empty,,,,,,,1384,,1406
S1_C04_R4_PICT1730.jpg,empty,True,empty,,,,,,,1278,,1295
S1_C04_R4_PICT2025.jpg,empty,True,empty,,,,,,,1578,,1587
S1_C04_R4_PICT2273.jpg,empty,True,empty,,,,,,,1530,,1544
S1_C04_R4_PICT2334.jpg,empty,True,empty,,,,,,,1527,,1539
S1_C04_R4_PICT2419.jpg,empty,True,empty,,,,,,,1886,,1896
S1_C04_R4_PICT2707.jpg,empty,True,empty,,,,,,,2581,,2602
S1_C04_R4_PICT2945.jpg,empty,True,empty,,,,,,,1747,,1775
S1_C04_R4_PICT3012.jpg,empty,True,empty,,,,,,,1492,,1501
S1_C05_R3_PICT0212.jpg,empty,True,empty,,,,,,,1253,,1266
S1_C05_R3_PICT0387.jpg,empty,True,empty,,,,,,,1322,,1331
S1_C05_R3_PICT0854.jpg,giraffe,False,animal,animal,0.9827,2dca052b-dff5-4cc9-8072-1282c5713286;mammalia;artiodactyla;giraffidae;giraffa;camelopardalis;giraffe,giraffe,0.9912,classifier,1261,303,1572
S1_C05_R3_PICT0966.jpg,gazelle,False,animal,animal,0.8715,dc5dbe17-a8ca-40a6-ac6a-3b6b1d63e6d6;mammalia;artiodactyla;bovidae;eudorcas;thomsonii;thomson's gazelle,gazelle,0.988,classifier,1271,234,1516
S1_C05_R3_PICT1087.jpg,empty,True,animal,animal,0.5881,8cf3fce2-0078-4347-9e46-5324fd12f8ed;mammalia;artiodactyla;bovidae;;;bovidae family,bovidae family,0.7949,classifier+rollup_to_family,1238,239,1488
S1_C05_R3_PICT1730.jpg,gazelle,False,animal,animal,0.9519,dc5dbe17-a8ca-40a6-ac6a-3b6b1d63e6d6;mammalia;artiodactyla;bovidae;eudorcas;thomsonii;thomson's gazelle,gazelle,0.9473,classifier,1297,308,1614
S1_C05_R3_PICT2004.jpg,zebra,False,animal,animal,0.9129,dd39bbd5-077c-482e-9d33-bd176116c870;mammalia;perissodactyla;equidae;equus;quagga;plains zebra,zebra,0.8466,classifier,1503,285,1798
S1_C06_R1_PICT0026.jpg,empty,True,animal,animal,0.3309,f1856211-cfb7-4a5b-9158-c0f72fd09ee6;;;;;;blank,blank,0.9997,classifier,1319,255,1584
S1_C06_R1_PICT0111.jpg,impala,False,animal,animal,0.9085,c134e0ab-cf96-45ec-bae6-60b94995f71b;mammalia;artiodactyla;bovidae;aepyceros;melampus;impala,impala,0.9904,classifier,1210,230,1451
S1_C06_R1_PICT0199.jpg,empty,True,animal,animal,0.2558,f1856211-cfb7-4a5b-9158-c0f72fd09ee6;;;;;;blank,blank,0.9998,classifier,1327,396,1732
S1_C06_R1_PICT0284.jpg,empty,True,animal,animal,0.2774,f1856211-cfb7-4a5b-9158-c0f72fd09ee6;;;;;;blank,blank,0.9997,classifier,1436,247,1696
S1_C06_R3_PICT0172.jpg,empty,True,animal,animal,0.5664,f1856211-cfb7-4a5b-9158-c0f72fd09ee6;;;;;;blank,blank,0.9995,classifier,1178,259,1448
S1_C06_R3_PICT0181.jpg,impala,False,animal,animal,0.9439,c134e0ab-cf96-45ec-bae6-60b94995f71b;mammalia;artiodactyla;bovidae;aepyceros;melampus;impala,impala,0.983,classifier,1148,211,1369
S1_C06_R3_PICT0340.jpg,empty,True,empty,,,,,,,1167,,1177
S1_C06_R3_PICT0643.jpg,empty,True,animal,animal,0.2789,f1856211-cfb7-4a5b-9158-c0f72fd09ee6;;;;;;blank,blank,0.9997,classifier,1229,210,1449
S1_C06_R3_PICT1084.jpg,empty,True,animal,animal,0.5314,f1856211-cfb7-4a5b-9158-c0f72fd09ee6;;;;;;blank,blank,0.9998,classifier,1177,207,1394
S1_C06_R3_PICT1280.jpg,empty,True,animal,animal,0.4299,f1856211-cfb7-4a5b-9158-c0f72fd09ee6;;;;;;blank,blank,0.9996,classifier,1234,214,1459
S1_C06_R3_PICT1489.jpg,empty,True,animal,animal,0.2234,f1856211-cfb7-4a5b-9158-c0f72fd09ee6;;;;;;blank,blank,0.9997,classifier,1171,218,1398
S1_C06_R3_PICT1518.jpg,empty,True,animal,animal,0.4388,f1856211-cfb7-4a5b-9158-c0f72fd09ee6;;;;;;blank,blank,0.9998,classifier,1149,211,1370
S1_C06_R3_PICT1583.jpg,empty,True,animal,animal,0.378,f1856211-cfb7-4a5b-9158-c0f72fd09ee6;;;;;;blank,blank,0.9998,classifier,1472,282,1763
S1_C06_R3_PICT1645.jpg,empty,True,animal,animal,0.4844,f1856211-cfb7-4a5b-9158-c0f72fd09ee6;;;;;;blank,blank,0.9995,classifier,1225,214,1449
S1_C06_R3_PICT1809.jpg,empty,True,animal,animal,0.594,f1856211-cfb7-4a5b-9158-c0f72fd09ee6;;;;;;blank,blank,0.9997,classifier,1247,253,1514
S1_C06_R3_PICT1858.jpg,empty,True,animal,animal,0.7068,f1856211-cfb7-4a5b-9158-c0f72fd09ee6;;;;;;blank,blank,0.9989,classifier,2243,660,2914
S1_C06_R3_PICT2007.jpg,empty,True,animal,animal,0.4777,f1856211-cfb7-4a5b-9158-c0f72fd09ee6;;;;;;blank,blank,0.9992,classifier,1929,318,2261
S1_C06_R3_PICT2327.jpg,empty,True,animal,animal,0.4403,f1856211-cfb7-4a5b-9158-c0f72fd09ee6;;;;;;blank,blank,0.9998,classifier,1414,278,1705
S1_C06_R3_PICT2381.jpg,empty,True,animal,animal,0.3976,f1856211-cfb7-4a5b-9158-c0f72fd09ee6;;;;;;blank,blank,0.9996,classifier,1329,300,1639
S1_C06_R3_PICT2447.jpg,empty,True,animal,animal,0.3974,f1856211-cfb7-4a5b-9158-c0f72fd09ee6;;;;;;blank,blank,0.9991,classifier,1238,245,1494
S1_C06_R3_PICT2529.jpg,empty,True,animal,animal,0.3196,f1856211-cfb7-4a5b-9158-c0f72fd09ee6;;;;;;blank,blank,0.9995,classifier,1419,344,1773
S1_C06_R3_PICT2531.jpg,empty,True,animal,animal,0.5834,f1856211-cfb7-4a5b-9158-c0f72fd09ee6;;;;;;blank,blank,0.9985,classifier,2475,471,2957
S1_C06_R4_PICT0121.jpg,zebra,False,animal,animal,0.5993,dd39bbd5-077c-482e-9d33-bd176116c870;mammalia;perissodactyla;equidae;equus;quagga;plains zebra,zebra,0.868,classifier,2254,370,2639
S1_C06_R4_PICT0286.jpg,zebra,False,animal,animal,0.9515,dd39bbd5-077c-482e-9d33-bd176116c870;mammalia;perissodactyla;equidae;equus;quagga;plains zebra,zebra,0.9766,classifier,1517,356,1888
S1_C06_R4_PICT0420.jpg,zebra,False,animal,animal,0.9692,dd39bbd5-077c-482e-9d33-bd176116c870;mammalia;perissodactyla;equidae;equus;quagga;plains zebra,zebra,0.9976,classifier,2003,491,2503
S1_C06_R4_PICT0444.jpg,zebra,False,animal,animal,0.9045,dd39bbd5-077c-482e-9d33-bd176116c870;mammalia;perissodactyla;equidae;equus;quagga;plains zebra,zebra,0.98,classifier,1916,291,2225
S1_C06_R4_PICT0453.jpg,elephant,False,animal,animal,0.9075,55631055-3e0e-4b7a-9612-dedebe9f78b0;mammalia;proboscidea;elephantidae;loxodonta;africana;african elephant,elephant,0.9908,classifier,1449,247,1708
S1_C06_R4_PICT0517.jpg,zebra,False,animal,animal,0.9185,dd39bbd5-077c-482e-9d33-bd176116c870;mammalia;perissodactyla;equidae;equus;quagga;plains zebra,zebra,0.9958,classifier,1533,322,1864
S1_C07_R1_PICT0017.jpg,empty,True,empty,animal,0.1302,,,,,1997,,2008
S1_C07_R1_PICT0022.jpg,gazelle,False,animal,animal,0.7858,dc5dbe17-a8ca-40a6-ac6a-3b6b1d63e6d6;mammalia;artiodactyla;bovidae;eudorcas;thomsonii;thomson's gazelle,gazelle,0.9924,classifier,1312,298,1623
S1_C07_R1_PICT0054.jpg,empty,True,empty,,,,,,,1525,,1539
S1_C07_R2_PICT0608.jpg,empty,True,empty,,,,,,,1204,,1214
S1_C07_R2_PICT0995.jpg,empty,True,empty,animal,0.1241,,,,,1151,,1159
S1_C07_R2_PICT1062.jpg,empty,True,animal,animal,0.3484,f2efdae9-efb8-48fb-8a91-eccf79ab4ffb;no cv result;no cv result;no cv result;no cv result;no cv result;no cv result,unknown,0.9788,classifier,1363,300,1677
S1_C07_R2_PICT1109.jpg,empty,True,empty,,,,,,,1325,,1335
S1_C07_R2_PICT1355.jpg,empty,True,empty,,,,,,,1209,,1218
S1_C07_R2_PICT1882.jpg,empty,True,empty,,,,,,,1123,,1132
S1_C07_R2_PICT2265.jpg,zebra,False,animal,animal,0.9526,dd39bbd5-077c-482e-9d33-bd176116c870;mammalia;perissodactyla;equidae;equus;quagga;plains zebra,zebra,0.9271,classifier,1225,225,1461
S1_C07_R2_PICT2480.jpg,empty,True,empty,,,,,,,1426,,1434
S1_C07_R2_PICT2493.jpg,empty,True,animal,animal,0.2892,f1856211-cfb7-4a5b-9158-c0f72fd09ee6;;;;;;blank,blank,0.9976,classifier,1232,236,1480
S1_C07_R2_PICT2899.jpg,empty,True,empty,,,,,,,1213,,1224
S1_C07_R2_PICT3104.jpg,empty,True,empty,,,,,,,1264,,1274
S1_D02_R1_PICT0321.jpg,empty,True,empty,,,,,,,1150,,1158
S1_D02_R1_PICT0442.jpg,empty,True,empty,,,,,,,1149,,1159
S1_D02_R1_PICT0489.jpg,empty,True,empty,,,,,,,1537,,1546
S1_D02_R1_PICT0711.jpg,empty,True,empty,,,,,,,1923,,1942
S1_D02_R1_PICT0979.jpg,empty,True,empty,,,,,,,1157,,1171
S1_D02_R1_PICT0994.jpg,giraffe,False,empty,,,,,,,1143,,1153
S1_D02_R1_PICT1012.jpg,empty,True,empty,,,,,,,1319,,1329
S1_D02_R1_PICT1254.jpg,buffalo,False,animal,animal,0.9438,9732cefb-6a08-49f6-b61e-b9a9054368c4;mammalia;artiodactyla;bovidae;syncerus;caffer;african buffalo,buffalo,0.9953,classifier,1114,280,1404
S1_D02_R1_PICT1305.jpg,buffalo,False,animal,animal,0.8962,9732cefb-6a08-49f6-b61e-b9a9054368c4;mammalia;artiodactyla;bovidae;syncerus;caffer;african buffalo,buffalo,0.9838,classifier,1225,209,1444
S1_D02_R1_PICT1364.jpg,buffalo,False,animal,animal,0.828,8cf3fce2-0078-4347-9e46-5324fd12f8ed;mammalia;artiodactyla;bovidae;;;bovidae family,bovidae family,0.9415,classifier+rollup_to_family,1137,230,1377
S1_D02_R1_PICT1376.jpg,buffalo,False,animal,animal,0.9523,9732cefb-6a08-49f6-b61e-b9a9054368c4;mammalia;artiodactyla;bovidae;syncerus;caffer;african buffalo,buffalo,0.9901,classifier,1098,211,1318
S1_D02_R1_PICT1392.jpg,buffalo,False,animal,animal,0.9368,9732cefb-6a08-49f6-b61e-b9a9054368c4;mammalia;artiodactyla;bovidae;syncerus;caffer;african buffalo,buffalo,0.9961,classifier,1199,216,1424
S1_D02_R1_PICT1396.jpg,buffalo,False,animal,animal,0.9085,9732cefb-6a08-49f6-b61e-b9a9054368c4;mammalia;artiodactyla;bovidae;syncerus;caffer;african buffalo,buffalo,0.9752,classifier,1106,231,1347
S1_D02_R1_PICT1406.jpg,buffalo,False,empty,,,,,,,1195,,1204
S1_D02_R1_PICT1453.jpg,zebra,False,animal,animal,0.9595,dd39bbd5-077c-482e-9d33-bd176116c870;mammalia;perissodactyla;equidae;equus;quagga;plains zebra,zebra,0.9817,classifier,1290,222,1521
S1_D02_R1_PICT1492.jpg,buffalo,False,animal,animal,0.9503,9732cefb-6a08-49f6-b61e-b9a9054368c4;mammalia;artiodactyla;bovidae;syncerus;caffer;african buffalo,buffalo,0.9904,classifier,1104,225,1339
S1_D02_R1_PICT1502.jpg,buffalo,False,animal,animal,0.9422,9732cefb-6a08-49f6-b61e-b9a9054368c4;mammalia;artiodactyla;bovidae;syncerus;caffer;african buffalo,buffalo,0.9899,classifier,1120,211,1340
S1_D02_R1_PICT1544.jpg,buffalo,False,animal,animal,0.9403,9732cefb-6a08-49f6-b61e-b9a9054368c4;mammalia;artiodactyla;bovidae;syncerus;caffer;african buffalo,buffalo,0.9877,classifier,1118,208,1336
S1_D02_R1_PICT1554.jpg,buffalo,False,animal,animal,0.9499,8cf3fce2-0078-4347-9e46-5324fd12f8ed;mammalia;artiodactyla;bovidae;;;bovidae family,bovidae family,0.9836,classifier+rollup_to_family,1386,261,1657
S1_D02_R1_PICT1576.jpg,buffalo,False,animal,animal,0.9163,9732cefb-6a08-49f6-b61e-b9a9054368c4;mammalia;artiodactyla;bovidae;syncerus;caffer;african buffalo,buffalo,0.9947,classifier,1180,219,1408
S1_D02_R1_PICT1579.jpg,wildebeest,False,animal,animal,0.7973,8cf3fce2-0078-4347-9e46-5324fd12f8ed;mammalia;artiodactyla;bovidae;;;bovidae family,bovidae family,0.7529,classifier+rollup_to_family,1159,206,1377
S1_D02_R1_PICT1619.jpg,wildebeest,False,animal,animal,0.7534,09fbf931-bbf0-4959-9df6-1082db578281;mammalia;artiodactyla;bovidae;connochaetes;taurinus;common wildebeest,wildebeest,0.785,classifier,1313,250,1574
S1_D02_R1_PICT1623.jpg,buffalo,False,animal,animal,0.8498,8cf3fce2-0078-4347-9e46-5324fd12f8ed;mammalia;artiodactyla;bovidae;;;bovidae family,bovidae family,0.9426,classifier+rollup_to_family,2086,405,2500
S1_D02_R1_PICT1674.jpg,buffalo,False,animal,animal,0.9389,9732cefb-6a08-49f6-b61e-b9a9054368c4;mammalia;artiodactyla;bovidae;syncerus;caffer;african buffalo,buffalo,0.7968,classifier,1550,375,1936
S1_D03_R5_PICT0029.jpg,empty,True,empty,,,,,,,1708,,1720
S1_D03_R5_PICT0606.jpg,empty,True,empty,,,,,,,2428,,2441
S1_D03_R5_PICT0749.jpg,empty,True,empty,,,,,,,1775,,1804
S1_D03_R5_PICT0905.jpg,empty,True,empty,,,,,,,1495,,1506
S1_D03_R5_PICT0920.jpg,empty,True,empty,,,,,,,1575,,1585
S1_D03_R5_PICT1287.jpg,empty,True,empty,,,,,,,1671,,1680
S1_D03_R5_PICT1383.jpg,empty,True,empty,,,,,,,1686,,1717
S1_D03_R5_PICT1782.jpg,empty,True,empty,,,,,,,1573,,1589
S1_D03_R7_PICT0093.jpg,elephant,False,animal,animal,0.9611,55631055-3e0e-4b7a-9612-dedebe9f78b0;mammalia;proboscidea;elephantidae;loxodonta;africana;african elephant,elephant,0.9969,classifier,1908,486,2404
S1_D03_R7_PICT0119.jpg,buffalo,False,animal,animal,0.9263,9732cefb-6a08-49f6-b61e-b9a9054368c4;mammalia;artiodactyla;bovidae;syncerus;caffer;african buffalo,buffalo,0.9947,classifier,1574,385,1975
S1_D03_R7_PICT0177.jpg,empty,True,animal,animal,0.2967,f2efdae9-efb8-48fb-8a91-eccf79ab4ffb;no cv result;no cv result;no cv result;no cv result;no cv result;no cv result,unknown,0.9742,classifier,2025,644,2683
S1_D03_R7_PICT0301.jpg,wildebeest,False,animal,animal,0.452,f2efdae9-efb8-48fb-8a91-eccf79ab4ffb;no cv result;no cv result;no cv result;no cv result;no cv result;no cv result,unknown,0.9161,classifier,2367,665,3053
S1_D04_R1_PICT0118.jpg,elephant,False,animal,animal,0.9372,55631055-3e0e-4b7a-9612-dedebe9f78b0;mammalia;proboscidea;elephantidae;loxodonta;africana;african elephant,elephant,0.999,classifier,1864,579,2465
S1_D04_R1_PICT0128.jpg,empty,True,empty,,,,,,,1790,,1808
S1_D04_R1_PICT0147.jpg,empty,True,empty,,,,,,,2358,,2377
S1_D04_R3_PICT0027.jpg,giraffe,False,animal,animal,0.9714,2dca052b-dff5-4cc9-8072-1282c5713286;mammalia;artiodactyla;giraffidae;giraffa;camelopardalis;giraffe,giraffe,0.9945,classifier,1652,333,2014
S1_D04_R4_PICT0179.jpg,warthog,False,animal,animal,0.9299,ccd7d6d7-8eb2-4fdb-a6d6-f1970847e449;mammalia;artiodactyla;suidae;phacochoerus;africanus;common warthog,warthog,0.9932,classifier,1557,348,1917
S1_D04_R5_PICT0124.jpg,giraffe,False,animal,animal,0.777,2dca052b-dff5-4cc9-8072-1282c5713286;mammalia;artiodactyla;giraffidae;giraffa;camelopardalis;giraffe,giraffe,0.9976,classifier,1778,421,2214
S1_D04_R6_PICT0007.jpg,empty,True,empty,,,,,,,1550,,1560
S1_D04_R6_PICT0022.jpg,elephant,False,animal,animal,0.7899,55631055-3e0e-4b7a-9612-dedebe9f78b0;mammalia;proboscidea;elephantidae;loxodonta;africana;african elephant,elephant,0.9974,classifier,1904,555,2473
S1_D04_R6_PICT0363.jpg,warthog,False,animal,animal,0.9485,ccd7d6d7-8eb2-4fdb-a6d6-f1970847e449;mammalia;artiodactyla;suidae;phacochoerus;africanus;common warthog,warthog,0.9688,classifier,1899,294,2208
S1_D04_R6_PICT0441.jpg,empty,True,empty,,,,,,,1855,,1872
S1_D04_R6_PICT0559.jpg,buffalo,False,animal,animal,0.9687,9732cefb-6a08-49f6-b61e-b9a9054368c4;mammalia;artiodactyla;bovidae;syncerus;caffer;african buffalo,buffalo,0.9957,classifier,1767,531,2317
S1_D04_R6_PICT0682.jpg,zebra,False,animal,animal,0.9709,dd39bbd5-077c-482e-9d33-bd176116c870;mammalia;perissodactyla;equidae;equus;quagga;plains zebra,zebra,0.9532,classifier,1965,506,2496
S1_D05_R1_PICT0049.jpg,empty,True,empty,,,,,,,2423,,2444
S1_D05_R4_PICT0099.jpg,empty,True,empty,,,,,,,1768,,1794
S1_D05_R5_PICT0048.jpg,giraffe,False,animal,animal,0.7428,2dca052b-dff5-4cc9-8072-1282c5713286;mammalia;artiodactyla;giraffidae;giraffa;camelopardalis;giraffe,giraffe,0.8878,classifier,1254,297,1560
S1_D05_R5_PICT0276.jpg,empty,True,animal,animal,0.4955,f2efdae9-efb8-48fb-8a91-eccf79ab4ffb;no cv result;no cv result;no cv result;no cv result;no cv result;no cv result,unknown,0.5245,classifier,1265,219,1494
S1_D05_R5_PICT0366.jpg,empty,True,empty,animal,0.1683,,,,,1183,,1193
S1_D05_R5_PICT0625.jpg,gazelle,False,animal,animal,0.9018,dc5dbe17-a8ca-40a6-ac6a-3b6b1d63e6d6;mammalia;artiodactyla;bovidae;eudorcas;thomsonii;thomson's gazelle,gazelle,0.9925,classifier,1140,217,1366
S1_D05_R5_PICT0979.jpg,empty,True,empty,,,,,,,1165,,1174
S1_D05_R5_PICT1038.jpg,gazelle,False,animal,animal,0.7696,dc5dbe17-a8ca-40a6-ac6a-3b6b1d63e6d6;mammalia;artiodactyla;bovidae;eudorcas;thomsonii;thomson's gazelle,gazelle,0.9926,classifier,1165,260,1433
S1_D05_R5_PICT1051.jpg,gazelle,False,animal,animal,0.8644,dc5dbe17-a8ca-40a6-ac6a-3b6b1d63e6d6;mammalia;artiodactyla;bovidae;eudorcas;thomsonii;thomson's gazelle,gazelle,0.994,classifier,1265,213,1489
S1_D05_R5_PICT1559.jpg,zebra,False,animal,animal,0.9644,dd39bbd5-077c-482e-9d33-bd176116c870;mammalia;perissodactyla;equidae;equus;quagga;plains zebra,zebra,0.9776,classifier,1140,221,1371
S1_D06_R1_PICT0324.jpg,empty,True,empty,,,,,,,1178,,1187
S1_D06_R1_PICT0363.jpg,empty,True,empty,,,,,,,1177,,1186
S1_D06_R1_PICT0364.jpg,empty,True,animal,animal,0.273,f2efdae9-efb8-48fb-8a91-eccf79ab4ffb;no cv result;no cv result;no cv result;no cv result;no cv result;no cv result,unknown,0.9464,classifier,1219,278,1506
S1_D06_R1_PICT0627.jpg,empty,True,animal,animal,0.5701,dc5dbe17-a8ca-40a6-ac6a-3b6b1d63e6d6;mammalia;artiodactyla;bovidae;eudorcas;thomsonii;thomson's gazelle,gazelle,0.8772,classifier,1303,446,1759
S1_D06_R1_PICT0663.jpg,empty,True,empty,,,,,,,1194,,1206
S1_D06_R1_PICT0680.jpg,empty,True,empty,animal,0.1052,,,,,1135,,1144
S1_D06_R1_PICT0682.jpg,empty,True,empty,,,,,,,1100,,1111
S1_D06_R1_PICT0709.jpg,empty,True,empty,,,,,,,1243,,1253
S1_D06_R1_PICT0783.jpg,empty,True,empty,,,,,,,1246,,1256
S1_D06_R1_PICT0793.jpg,empty,True,empty,,,,,,,1128,,1138
S1_D06_R1_PICT0818.jpg,empty,True,empty,,,,,,,1113,,1123
S1_D06_R1_PICT0851.jpg,empty,True,animal,animal,0.3666,f1856211-cfb7-4a5b-9158-c0f72fd09ee6;;;;;;blank,blank,0.999,classifier,1215,250,1477
S1_D06_R1_PICT1286.jpg,empty,True,empty,,,,,,,1329,,1339
S1_D06_R1_PICT1310.jpg,empty,True,empty,,,,,,,1120,,1130
S1_D06_R1_PICT1428.jpg,impala,False,animal,animal,0.9689,c134e0ab-cf96-45ec-bae6-60b94995f71b;mammalia;artiodactyla;bovidae;aepyceros;melampus;impala,impala,0.7258,classifier,1113,217,1340
S1_D06_R1_PICT1445.jpg,empty,True,empty,animal,0.1443,,,,,1128,,1138
S1_D06_R1_PICT1504.jpg,empty,True,empty,animal,0.1537,,,,,1157,,1167
S1_D06_R1_PICT1602.jpg,empty,True,empty,,,,,,,1117,,1126
S1_D06_R1_PICT1694.jpg,empty,True,empty,,,,,,,1085,,1094
S1_D06_R1_PICT1759.jpg,empty,True,empty,,,,,,,1097,,1106
S1_D06_R1_PICT1815.jpg,empty,True,empty,animal,0.1538,,,,,1104,,1115
S1_D06_R1_PICT1926.jpg,empty,True,empty,,,,,,,1195,,1204
S1_D06_R1_PICT1962.jpg,empty,True,empty,,,,,,,1793,,1802
S1_D06_R1_PICT1997.jpg,empty,True,empty,,,,,,,1365,,1377
S1_D06_R1_PICT2008.jpg,empty,True,empty,animal,0.1921,,,,,1122,,1136
S1_D06_R1_PICT2032.jpg,empty,True,empty,,,,,,,1082,,1092
S1_D06_R1_PICT2126.jpg,empty,True,empty,,,,,,,1104,,1113
S1_D06_R1_PICT2246.jpg,empty,True,empty,,,,,,,1066,,1075
S1_D06_R1_PICT2358.jpg,empty,True,empty,,,,,,,1072,,1081
S1_D06_R1_PICT2460.jpg,empty,True,empty,,,,,,,1114,,1127
S1_D06_R1_PICT2481.jpg,empty,True,empty,,,,,,,1066,,1075
S1_D06_R1_PICT2535.jpg,empty,True,empty,,,,,,,1106,,1116
S1_D06_R1_PICT2632.jpg,gazelle,False,animal,animal,0.6979,dc5dbe17-a8ca-40a6-ac6a-3b6b1d63e6d6;mammalia;artiodactyla;bovidae;eudorcas;thomsonii;thomson's gazelle,gazelle,0.9196,classifier,1047,243,1299
S1_D06_R1_PICT2682.jpg,giraffe,False,animal,animal,0.957,2dca052b-dff5-4cc9-8072-1282c5713286;mammalia;artiodactyla;giraffidae;giraffa;camelopardalis;giraffe,giraffe,0.996,classifier,1084,206,1299
S1_D06_R1_PICT2694.jpg,empty,True,empty,,,,,,,1057,,1066
S1_D06_R1_PICT2736.jpg,empty,True,animal,animal,0.5233,1f689929-883d-4dae-958c-3d57ab5b6c16;;;;;;animal,animal,0.5233,detector,1072,214,1295
S1_D06_R1_PICT2842.jpg,empty,True,empty,,,,,,,1076,,1086
S1_D06_R1_PICT2887.jpg,empty,True,empty,,,,,,,1115,,1124
S1_D06_R1_PICT3085.jpg,empty,True,animal,animal,0.7193,dc5dbe17-a8ca-40a6-ac6a-3b6b1d63e6d6;mammalia;artiodactyla;bovidae;eudorcas;thomsonii;thomson's gazelle,gazelle,0.829,classifier,1077,204,1290
S1_D06_R2_PICT0106.jpg,gazelle,False,animal,animal,0.9651,dc5dbe17-a8ca-40a6-ac6a-3b6b1d63e6d6;mammalia;artiodactyla;bovidae;eudorcas;thomsonii;thomson's gazelle,gazelle,0.9936,classifier,1052,200,1261
S1_D06_R2_PICT0882.jpg,lion,False,animal,animal,0.7387,ddf59264-185a-4d35-b647-2785792bdf54;mammalia;carnivora;felidae;panthera;leo;lion,lion,0.9725,classifier,1087,209,1305
S1_D06_R2_PICT1381.jpg,gazelle,False,animal,animal,0.9594,dc5dbe17-a8ca-40a6-ac6a-3b6b1d63e6d6;mammalia;artiodactyla;bovidae;eudorcas;thomsonii;thomson's gazelle,gazelle,0.9926,classifier,1093,243,1345
S1_D06_R2_PICT1499.jpg,empty,True,empty,,,,,,,1060,,1070
S1_D06_R2_PICT1684.jpg,gazelle,False,animal,animal,0.9372,dc5dbe17-a8ca-40a6-ac6a-3b6b1d63e6d6;mammalia;artiodactyla;bovidae;eudorcas;thomsonii;thomson's gazelle,gazelle,0.988,classifier,1125,198,1332
S1_D06_R3_PICT0106.jpg,empty,True,empty,,,,,,,1051,,1060
S1_D06_R3_PICT0449.jpg,empty,True,empty,,,,,,,1058,,1067
S1_D06_R3_PICT0566.jpg,empty,True,empty,,,,,,,1056,,1066
S1_D06_R3_PICT0599.jpg,gazelle,False,animal,animal,0.9553,dc5dbe17-a8ca-40a6-ac6a-3b6b1d63e6d6;mammalia;artiodactyla;bovidae;eudorcas;thomsonii;thomson's gazelle,gazelle,0.9844,classifier,1066,197,1273
S1_D06_R3_PICT0903.jpg,empty,True,empty,,,,,,,1046,,1056
S1_D06_R3_PICT1058.jpg,empty,True,empty,,,,,,,1046,,1056
S1_D06_R3_PICT1272.jpg,empty,True,empty,,,,,,,1075,,1084
S1_D07_R3_PICT0018.jpg,giraffe,False,animal,animal,0.8575,2dca052b-dff5-4cc9-8072-1282c5713286;mammalia;artiodactyla;giraffidae;giraffa;camelopardalis;giraffe,giraffe,0.9982,classifier,1078,200,1286
S1_D07_R3_PICT0057.jpg,giraffe,False,animal,animal,0.9605,2dca052b-dff5-4cc9-8072-1282c5713286;mammalia;artiodactyla;giraffidae;giraffa;camelopardalis;giraffe,giraffe,0.9979,classifier,1056,198,1263
S1_D07_R3_PICT0169.jpg,giraffe,False,animal,animal,0.7538,2dca052b-dff5-4cc9-8072-1282c5713286;mammalia;artiodactyla;giraffidae;giraffa;camelopardalis;giraffe,giraffe,0.9959,classifier,1050,212,1271
S1_D07_R3_PICT0172.jpg,giraffe,False,animal,animal,0.9658,2dca052b-dff5-4cc9-8072-1282c5713286;mammalia;artiodactyla;giraffidae;giraffa;camelopardalis;giraffe,giraffe,0.9954,classifier,1086,197,1292
S1_D07_R3_PICT0252.jpg,elephant,False,animal,animal,0.9461,55631055-3e0e-4b7a-9612-dedebe9f78b0;mammalia;proboscidea;elephantidae;loxodonta;africana;african elephant,elephant,0.9503,classifier,1052,201,1262
S1_D08_R2_PICT0015.jpg,giraffe,False,animal,animal,0.8946,2dca052b-dff5-4cc9-8072-1282c5713286;mammalia;artiodactyla;giraffidae;giraffa;camelopardalis;giraffe,giraffe,0.9941,classifier,1046,199,1256
S1_D09_R1_PICT0073.jpg,gazelle,False,animal,animal,0.9677,dc5dbe17-a8ca-40a6-ac6a-3b6b1d63e6d6;mammalia;artiodactyla;bovidae;eudorcas;thomsonii;thomson's gazelle,gazelle,0.9974,classifier,1046,275,1330
S1_D12_R1_PICT0022.jpg,empty,True,empty,,,,,,,1184,,1193
S1_D12_R1_PICT0047.jpg,empty,True,empty,,,,,,,1088,,1098
S1_D12_R1_PICT0065.jpg,empty,True,empty,,,,,,,1053,,1062
S1_D12_R1_PICT0136.jpg,empty,True,empty,,,,,,,1200,,1210
S1_D12_R1_PICT0153.jpg,empty,True,empty,,,,,,,1173,,1185
S1_D12_R1_PICT0626.jpg,empty,True,empty,,,,,,,1115,,1127
S1_D12_R1_PICT0860.jpg,warthog,False,animal,animal,0.9197,ccd7d6d7-8eb2-4fdb-a6d6-f1970847e449;mammalia;artiodactyla;suidae;phacochoerus;africanus;common warthog,warthog,0.9904,classifier,1081,211,1301
S1_D12_R1_PICT1064.jpg,empty,True,empty,,,,,,,1052,,1061
S1_D13_R1_PICT0651.jpg,empty,True,empty,,,,,,,1061,,1071
S1_D13_R1_PICT1590.jpg,empty,True,empty,,,,,,,1091,,1100
S1_D13_R1_PICT1605.jpg,empty,True,empty,,,,,,,1056,,1065
S1_D13_R1_PICT2021.jpg,empty,True,empty,,,,,,,1053,,1062
S1_D13_R1_PICT2056.jpg,empty,True,empty,,,,,,,1044,,1053
S1_D13_R1_PICT2249.jpg,empty,True,empty,,,,,,,1055,,1064
S1_D13_R1_PICT3213.jpg,empty,True,empty,,,,,,,1074,,1084
S1_D13_R1_PICT3275.jpg,empty,True,empty,,,,,,,1049,,1058
S1_D13_R1_PICT3339.jpg,empty,True,empty,,,,,,,1057,,1066
S1_D13_R1_PICT3608.jpg,empty,True,empty,,,,,,,1045,,1054
S1_D13_R1_PICT4470.jpg,empty,True,empty,,,,,,,1065,,1074
S1_D13_R1_PICT4493.jpg,empty,True,empty,,,,,,,1084,,1094
S1_D13_R1_PICT5060.jpg,empty,True,empty,,,,,,,1055,,1064
S1_D13_R1_PICT5109.jpg,empty,True,empty,,,,,,,1102,,1111
S1_D13_R1_PICT5424.jpg,empty,True,empty,,,,,,,1069,,1080
S1_D13_R1_PICT5803.jpg,empty,True,empty,,,,,,,1088,,1097
S1_E01_R1_PICT0275.jpg,empty,True,empty,,,,,,,1048,,1058
S1_E01_R1_PICT0496.jpg,empty,True,empty,,,,,,,1050,,1060
S1_E01_R1_PICT0825.jpg,empty,True,empty,,,,,,,1200,,1210
S1_E01_R1_PICT1054.jpg,empty,True,empty,,,,,,,1355,,1365
S1_E01_R1_PICT1204.jpg,empty,True,empty,,,,,,,1128,,1138
S1_E01_R1_PICT1217.jpg,empty,True,empty,,,,,,,1067,,1077
S1_E01_R1_PICT1219.jpg,empty,True,empty,,,,,,,1077,,1085
S1_E01_R1_PICT1272.jpg,empty,True,empty,,,,,,,1064,,1074
S1_E01_R1_PICT1837.jpg,empty,True,empty,,,,,,,1168,,1177
S1_E01_R1_PICT1925.jpg,empty,True,empty,,,,,,,1085,,1096
S1_E01_R1_PICT2156.jpg,empty,True,empty,,,,,,,1057,,1067
S1_E01_R1_PICT2167.jpg,empty,True,empty,,,,,,,1062,,1073
S1_E01_R1_PICT2357.jpg,impala,False,animal,animal,0.9739,c134e0ab-cf96-45ec-bae6-60b94995f71b;mammalia;artiodactyla;bovidae;aepyceros;melampus;impala,impala,0.6896,classifier,1121,247,1378
S1_E01_R1_PICT2359.jpg,impala,False,animal,animal,0.9407,c134e0ab-cf96-45ec-bae6-60b94995f71b;mammalia;artiodactyla;bovidae;aepyceros;melampus;impala,impala,0.967,classifier,1077,197,1284
S1_E01_R1_PICT2553.jpg,empty,True,empty,,,,,,,1051,,1060
S1_E01_R1_PICT2894.jpg,empty,True,empty,,,,,,,1039,,1049
S1_E01_R1_PICT3033.jpg,empty,True,empty,,,,,,,1070,,1080
S1_E01_R1_PICT3157.jpg,impala,False,animal,animal,0.8678,c134e0ab-cf96-45ec-bae6-60b94995f71b;mammalia;artiodactyla;bovidae;aepyceros;melampus;impala,impala,0.9242,classifier,1056,194,1261
S1_E01_R1_PICT3166.jpg,impala,False,animal,animal,0.9225,c134e0ab-cf96-45ec-bae6-60b94995f71b;mammalia;artiodactyla;bovidae;aepyceros;melampus;impala,impala,0.9093,classifier,1064,195,1269
S1_E01_R1_PICT3171.jpg,impala,False,animal,animal,0.876,c134e0ab-cf96-45ec-bae6-60b94995f71b;mammalia;artiodactyla;bovidae;aepyceros;melampus;impala,impala,0.9191,classifier,1049,196,1254
S1_E01_R1_PICT3308.jpg,empty,True,empty,,,,,,,1043,,1053
S1_E01_R1_PICT4899.jpg,empty,True,empty,,,,,,,1089,,1099
S1_E01_R1_PICT5160.jpg,empty,True,empty,,,,,,,1061,,1070
S1_E01_R1_PICT5479.jpg,empty,True,empty,,,,,,,1049,,1059
S1_E01_R1_PICT5500.jpg,empty,True,empty,,,,,,,1039,,1048
S1_E01_R1_PICT5551.jpg,empty,True,empty,,,,,,,1069,,1078
S1_E01_R1_PICT5928.jpg,giraffe,False,animal,animal,0.944,2dca052b-dff5-4cc9-8072-1282c5713286;mammalia;artiodactyla;giraffidae;giraffa;camelopardalis;giraffe,giraffe,0.9828,classifier,1077,197,1283
S1_E01_R1_PICT6144.jpg,empty,True,empty,,,,,,,1060,,1070
S1_E02_R2_PICT0003.jpg,empty,True,human,human,0.5568,,,,,1062,,1071
S1_E02_R3_PICT0027.jpg,gazelle,False,animal,animal,0.8795,c134e0ab-cf96-45ec-bae6-60b94995f71b;mammalia;artiodactyla;bovidae;aepyceros;melampus;impala,impala,0.8579,classifier,1138,234,1381
S1_E02_R3_PICT0044.jpg,impala,False,animal,animal,0.97,c134e0ab-cf96-45ec-bae6-60b94995f71b;mammalia;artiodactyla;bovidae;aepyceros;melampus;impala,impala,0.8291,classifier,1110,203,1324
S1_E02_R3_PICT0083.jpg,impala,False,animal,animal,0.9686,c134e0ab-cf96-45ec-bae6-60b94995f71b;mammalia;artiodactyla;bovidae;aepyceros;melampus;impala,impala,0.758,classifier,1069,196,1275
S1_E02_R3_PICT0086.jpg,impala,False,animal,animal,0.9484,c134e0ab-cf96-45ec-bae6-60b94995f71b;mammalia;artiodactyla;bovidae;aepyceros;melampus;impala,impala,0.989,classifier,1242,202,1455
S1_E02_R3_PICT0137.jpg,giraffe,False,animal,animal,0.7787,b1352069-a39c-4a84-a949-60044271c0c1;aves;;;;;bird,bird,0.9037,classifier,1184,270,1466
S1_E02_R3_PICT0142.jpg,giraffe,False,empty,,,,,,,1138,,1149
S1_E02_R3_PICT0156.jpg,impala,False,animal,animal,0.9804,c134e0ab-cf96-45ec-bae6-60b94995f71b;mammalia;artiodactyla;bovidae;aepyceros;melampus;impala,impala,0.8189,classifier,1494,249,1754
S1_E02_R4_PICT0012.jpg,impala,False,animal,animal,0.9785,c134e0ab-cf96-45ec-bae6-60b94995f71b;mammalia;artiodactyla;bovidae;aepyceros;melampus;impala,impala,0.7338,classifier,1259,206,1475
S1_E02_R4_PICT0030.jpg,impala,False,animal,animal,0.9704,c134e0ab-cf96-45ec-bae6-60b94995f71b;mammalia;artiodactyla;bovidae;aepyceros;melampus;impala,impala,0.9747,classifier,1134,271,1418
S1_E02_R5_PICT0042.jpg,elephant,False,animal,animal,0.8723,55631055-3e0e-4b7a-9612-dedebe9f78b0;mammalia;proboscidea;elephantidae;loxodonta;africana;african elephant,elephant,0.9986,classifier,1079,196,1285
S1_E02_R5_PICT0224.jpg,empty,True,empty,,,,,,,1107,,1116
S1_E02_R5_PICT0258.jpg,buffalo,False,animal,animal,0.9329,9732cefb-6a08-49f6-b61e-b9a9054368c4;mammalia;artiodactyla;bovidae;syncerus;caffer;african buffalo,buffalo,0.9955,classifier,1138,509,1656
S1_E02_R5_PICT0269.jpg,zebra,False,animal,animal,0.949,dd39bbd5-077c-482e-9d33-bd176116c870;mammalia;perissodactyla;equidae;equus;quagga;plains zebra,zebra,0.9651,classifier,1213,202,1430
S1_E03_R1_PICT0069.jpg,empty,True,empty,,,,,,,1180,,1190
S1_E03_R1_PICT0074.jpg,empty,True,empty,,,,,,,1089,,1099
S1_E03_R3_PICT0037.jpg,giraffe,False,empty,,,,,,,1072,,1083
S1_E03_R6_PICT0094.jpg,buffalo,False,animal,animal,0.9723,9732cefb-6a08-49f6-b61e-b9a9054368c4;mammalia;artiodactyla;bovidae;syncerus;caffer;african buffalo,buffalo,0.9889,classifier,1122,207,1339
S1_E03_R6_PICT0202.jpg,impala,False,animal,animal,0.9578,8c48ed75-e275-4188-a6b1-55929d298e85;mammalia;artiodactyla;bovidae;nanger;granti;grant's gazelle,gazelle,0.6744,classifier,1145,202,1357
S1_E03_R6_PICT0238.jpg,impala,False,animal,animal,0.9384,c134e0ab-cf96-45ec-bae6-60b94995f71b;mammalia;artiodactyla;bovidae;aepyceros;melampus;impala,impala,0.7907,classifier,1139,223,1370
S1_E03_R6_PICT0261.jpg,hyena,False,animal,animal,0.8545,dce8d520-a3f6-4ed7-a434-bfe98f81a03d;mammalia;carnivora;hyaenidae;crocuta;crocuta;spotted hyaena,hyena,0.9979,classifier,1124,220,1355
S1_E03_R6_PICT0494.jpg,impala,False,animal,animal,0.972,c134e0ab-cf96-45ec-bae6-60b94995f71b;mammalia;artiodactyla;bovidae;aepyceros;melampus;impala,impala,0.6828,classifier,1158,207,1376
S1_E03_R6_PICT0548.jpg,empty,True,empty,,,,,,,1093,,1103
S1_E03_R6_PICT0587.jpg,impala,False,animal,animal,0.9604,8cf3fce2-0078-4347-9e46-5324fd12f8ed;mammalia;artiodactyla;bovidae;;;bovidae family,bovidae family,0.9976,classifier+rollup_to_family,1078,205,1293
S1_E03_R6_PICT0593.jpg,impala,False,animal,animal,0.9593,8cf3fce2-0078-4347-9e46-5324fd12f8ed;mammalia;artiodactyla;bovidae;;;bovidae family,bovidae family,0.9927,classifier+rollup_to_family,1236,214,1460
S1_E04_R1_PICT0013.jpg,empty,True,animal,animal,0.745,1f689929-883d-4dae-958c-3d57ab5b6c16;;;;;;animal,animal,0.745,detector,1173,220,1403
S1_E04_R5_PICT0096.jpg,zebra,False,animal,animal,0.953,dd39bbd5-077c-482e-9d33-bd176116c870;mammalia;perissodactyla;equidae;equus;quagga;plains zebra,zebra,0.973,classifier,1139,204,1354
S1_E04_R5_PICT0175.jpg,zebra,False,animal,animal,0.9165,dd39bbd5-077c-482e-9d33-bd176116c870;mammalia;perissodactyla;equidae;equus;quagga;plains zebra,zebra,0.9661,classifier,1206,274,1491
S1_E05_R3_PICT0200.jpg,hyena,False,animal,animal,0.9636,dce8d520-a3f6-4ed7-a434-bfe98f81a03d;mammalia;carnivora;hyaenidae;crocuta;crocuta;spotted hyaena,hyena,0.9975,classifier,1237,214,1462
S1_E05_R4_PICT0082.jpg,empty,True,empty,,,,,,,1050,,1060
S1_E05_R4_PICT0148.jpg,empty,True,empty,,,,,,,1115,,1124
S1_E05_R4_PICT0366.jpg,empty,True,empty,,,,,,,1048,,1057
S1_E05_R4_PICT0826.jpg,empty,True,empty,,,,,,,1078,,1087
S1_E05_R4_PICT1009.jpg,elephant,False,animal,animal,0.9559,55631055-3e0e-4b7a-9612-dedebe9f78b0;mammalia;proboscidea;elephantidae;loxodonta;africana;african elephant,elephant,0.9983,classifier,1069,197,1275
S1_E05_R4_PICT1354.jpg,hyena,False,animal,animal,0.946,dce8d520-a3f6-4ed7-a434-bfe98f81a03d;mammalia;carnivora;hyaenidae;crocuta;crocuta;spotted hyaena,hyena,0.995,classifier,1067,199,1275
S1_E06_R1_PICT0014.jpg,empty,True,empty,,,,,,,1041,,1051
S1_E06_R4_PICT0659.jpg,empty,True,animal,animal,0.579,1f689929-883d-4dae-958c-3d57ab5b6c16;;;;;;animal,animal,0.579,detector,1081,207,1298
S1_E06_R4_PICT0706.jpg,gazelle,False,animal,animal,0.9602,dc5dbe17-a8ca-40a6-ac6a-3b6b1d63e6d6;mammalia;artiodactyla;bovidae;eudorcas;thomsonii;thomson's gazelle,gazelle,0.9973,classifier,1058,218,1286
S1_E06_R4_PICT1442.jpg,empty,True,empty,,,,,,,1215,,1224
S1_E06_R4_PICT1452.jpg,lion,False,animal,animal,0.9777,ddf59264-185a-4d35-b647-2785792bdf54;mammalia;carnivora;felidae;panthera;leo;lion,lion,0.9998,classifier,1058,208,1276
S1_E06_R4_PICT1481.jpg,lion,False,animal,animal,0.9591,ddf59264-185a-4d35-b647-2785792bdf54;mammalia;carnivora;felidae;panthera;leo;lion,lion,0.9939,classifier,1124,215,1348
S1_E06_R4_PICT1541.jpg,wildebeest,False,animal,animal,0.8859,09fbf931-bbf0-4959-9df6-1082db578281;mammalia;artiodactyla;bovidae;connochaetes;taurinus;common wildebeest,wildebeest,0.9858,classifier,1210,211,1430
S1_E06_R4_PICT1564.jpg,wildebeest,False,animal,animal,0.9694,09fbf931-bbf0-4959-9df6-1082db578281;mammalia;artiodactyla;bovidae;connochaetes;taurinus;common wildebeest,wildebeest,0.9735,classifier,1054,205,1270
S1_E06_R4_PICT1570.jpg,wildebeest,False,animal,animal,0.9546,09fbf931-bbf0-4959-9df6-1082db578281;mammalia;artiodactyla;bovidae;connochaetes;taurinus;common wildebeest,wildebeest,0.979,classifier,1071,198,1278
S1_E06_R4_PICT1577.jpg,wildebeest,False,animal,animal,0.9637,09fbf931-bbf0-4959-9df6-1082db578281;mammalia;artiodactyla;bovidae;connochaetes;taurinus;common wildebeest,wildebeest,0.9744,classifier,1109,198,1317
S1_E06_R4_PICT1580.jpg,wildebeest,False,animal,animal,0.9629,09fbf931-bbf0-4959-9df6-1082db578281;mammalia;artiodactyla;bovidae;connochaetes;taurinus;common wildebeest,wildebeest,0.9627,classifier,1054,195,1259
S1_E06_R4_PICT1611.jpg,wildebeest,False,animal,animal,0.9686,09fbf931-bbf0-4959-9df6-1082db578281;mammalia;artiodactyla;bovidae;connochaetes;taurinus;common wildebeest,wildebeest,0.9846,classifier,1082,195,1287
S1_E06_R4_PICT1644.jpg,wildebeest,False,animal,animal,0.8712,09fbf931-bbf0-4959-9df6-1082db578281;mammalia;artiodactyla;bovidae;connochaetes;taurinus;common wildebeest,wildebeest,0.9791,classifier,1097,203,1309
S1_E06_R4_PICT1649.jpg,wildebeest,False,animal,animal,0.9428,09fbf931-bbf0-4959-9df6-1082db578281;mammalia;artiodactyla;bovidae;connochaetes;taurinus;common wildebeest,wildebeest,0.9826,classifier,1138,210,1358
S1_E06_R4_PICT1653.jpg,wildebeest,False,animal,animal,0.9535,09fbf931-bbf0-4959-9df6-1082db578281;mammalia;artiodactyla;bovidae;connochaetes;taurinus;common wildebeest,wildebeest,0.9895,classifier,1397,252,1659
S1_E06_R4_PICT1670.jpg,wildebeest,False,animal,animal,0.9355,09fbf931-bbf0-4959-9df6-1082db578281;mammalia;artiodactyla;bovidae;connochaetes;taurinus;common wildebeest,wildebeest,0.9772,classifier,1212,197,1420
S1_E06_R4_PICT1678.jpg,wildebeest,False,animal,animal,0.9469,09fbf931-bbf0-4959-9df6-1082db578281;mammalia;artiodactyla;bovidae;connochaetes;taurinus;common wildebeest,wildebeest,0.9888,classifier,1143,247,1401
S1_E06_R4_PICT1683.jpg,wildebeest,False,animal,animal,0.9498,09fbf931-bbf0-4959-9df6-1082db578281;mammalia;artiodactyla;bovidae;connochaetes;taurinus;common wildebeest,wildebeest,0.9805,classifier,1060,196,1267
S1_E06_R4_PICT1695.jpg,wildebeest,False,animal,animal,0.9554,09fbf931-bbf0-4959-9df6-1082db578281;mammalia;artiodactyla;bovidae;connochaetes;taurinus;common wildebeest,wildebeest,0.9917,classifier,1086,196,1291
S1_E06_R4_PICT1713.jpg,wildebeest,False,animal,animal,0.9562,09fbf931-bbf0-4959-9df6-1082db578281;mammalia;artiodactyla;bovidae;connochaetes;taurinus;common wildebeest,wildebeest,0.9748,classifier,1110,219,1339
S1_E06_R4_PICT1725.jpg,wildebeest,False,animal,animal,0.8661,09fbf931-bbf0-4959-9df6-1082db578281;mammalia;artiodactyla;bovidae;connochaetes;taurinus;common wildebeest,wildebeest,0.9846,classifier,1088,198,1296
S1_E06_R4_PICT1731.jpg,wildebeest,False,animal,animal,0.8918,09fbf931-bbf0-4959-9df6-1082db578281;mammalia;artiodactyla;bovidae;connochaetes;taurinus;common wildebeest,wildebeest,0.9303,classifier,1107,203,1320
S1_E06_R4_PICT1735.jpg,wildebeest,False,animal,animal,0.8275,09fbf931-bbf0-4959-9df6-1082db578281;mammalia;artiodactyla;bovidae;connochaetes;taurinus;common wildebeest,wildebeest,0.9969,classifier,1593,514,2117
S1_E06_R4_PICT1740.jpg,wildebeest,False,animal,animal,0.9251,09fbf931-bbf0-4959-9df6-1082db578281;mammalia;artiodactyla;bovidae;connochaetes;taurinus;common wildebeest,wildebeest,0.9757,classifier,1599,276,1892
S1_E06_R4_PICT1744.jpg,wildebeest,False,animal,animal,0.8177,09fbf931-bbf0-4959-9df6-1082db578281;mammalia;artiodactyla;bovidae;connochaetes;taurinus;common wildebeest,wildebeest,0.9842,classifier,1086,211,1306
S1_E06_R4_PICT1772.jpg,wildebeest,False,animal,animal,0.9072,09fbf931-bbf0-4959-9df6-1082db578281;mammalia;artiodactyla;bovidae;connochaetes;taurinus;common wildebeest,wildebeest,0.9821,classifier,1104,201,1316
S1_E06_R4_PICT1776.jpg,wildebeest,False,animal,animal,0.9497,09fbf931-bbf0-4959-9df6-1082db578281;mammalia;artiodactyla;bovidae;connochaetes;taurinus;common wildebeest,wildebeest,0.9791,classifier,1065,204,1278
S1_E06_R4_PICT1778.jpg,wildebeest,False,animal,animal,0.8368,09fbf931-bbf0-4959-9df6-1082db578281;mammalia;artiodactyla;bovidae;connochaetes;taurinus;common wildebeest,wildebeest,0.7427,classifier,1101,248,1358
S1_E06_R4_PICT1818.jpg,wildebeest,False,animal,animal,0.9055,09fbf931-bbf0-4959-9df6-1082db578281;mammalia;artiodactyla;bovidae;connochaetes;taurinus;common wildebeest,wildebeest,0.9776,classifier,1133,199,1341
S1_E06_R4_PICT1821.jpg,wildebeest,False,animal,animal,0.9537,09fbf931-bbf0-4959-9df6-1082db578281;mammalia;artiodactyla;bovidae;connochaetes;taurinus;common wildebeest,wildebeest,0.9817,classifier,1060,198,1267
S1_E06_R4_PICT1841.jpg,wildebeest,False,animal,animal,0.8106,09fbf931-bbf0-4959-9df6-1082db578281;mammalia;artiodactyla;bovidae;connochaetes;taurinus;common wildebeest,wildebeest,0.989,classifier,1041,201,1250
S1_E06_R4_PICT1848.jpg,wildebeest,False,animal,animal,0.959,09fbf931-bbf0-4959-9df6-1082db578281;mammalia;artiodactyla;bovidae;connochaetes;taurinus;common wildebeest,wildebeest,0.9862,classifier,1097,195,1300
S1_E06_R4_PICT1853.jpg,wildebeest,False,animal,animal,0.9434,09fbf931-bbf0-4959-9df6-1082db578281;mammalia;artiodactyla;bovidae;connochaetes;taurinus;common wildebeest,wildebeest,0.9821,classifier,1045,203,1257
S1_E07_R1_PICT1190.jpg,empty,True,empty,,,,,,,1052,,1062
S1_E07_R1_PICT1272.jpg,empty,True,empty,,,,,,,1060,,1070
S1_E07_R1_PICT1719.jpg,empty,True,empty,,,,,,,1073,,1083
S1_E07_R1_PICT1989.jpg,empty,True,empty,,,,,,,1112,,1121
S1_E07_R1_PICT2088.jpg,empty,True,empty,,,,,,,1070,,1080
S1_E07_R1_PICT2428.jpg,empty,True,empty,,,,,,,1110,,1119
S1_E07_R1_PICT3001.jpg,empty,True,empty,,,,,,,1045,,1056
S1_E07_R1_PICT3029.jpg,empty,True,empty,,,,,,,1124,,1135
S1_E07_R1_PICT3249.jpg,empty,True,empty,,,,,,,1046,,1056
S1_E07_R1_PICT3393.jpg,empty,True,empty,,,,,,,1082,,1091
S1_E07_R1_PICT3422.jpg,empty,True,empty,,,,,,,1059,,1071
S1_E07_R1_PICT3706.jpg,empty,True,empty,,,,,,,1074,,1084
S1_E07_R1_PICT3845.jpg,empty,True,empty,,,,,,,1067,,1077
S1_E07_R1_PICT4375.jpg,empty,True,empty,,,,,,,1058,,1067
S1_E07_R1_PICT5050.jpg,empty,True,empty,,,,,,,1042,,1052
S1_E07_R1_PICT5564.jpg,empty,True,empty,,,,,,,1048,,1058
S1_E08_R2_PICT0035.jpg,empty,True,empty,,,,,,,1051,,1060
S1_E08_R2_PICT0230.jpg,gazelle,False,animal,animal,0.963,dc5dbe17-a8ca-40a6-ac6a-3b6b1d63e6d6;mammalia;artiodactyla;bovidae;eudorcas;thomsonii;thomson's gazelle,gazelle,0.9324,classifier,1050,235,1296
S1_E08_R2_PICT0443.jpg,empty,True,animal,animal,0.552,8cf3fce2-0078-4347-9e46-5324fd12f8ed;mammalia;artiodactyla;bovidae;;;bovidae family,bovidae family,0.7915,classifier+rollup_to_family,1060,198,1268
S1_E08_R2_PICT1161.jpg,lion,False,animal,animal,0.9516,f2d233e3-80e3-433d-9687-e29ecc7a467a;mammalia;;;;;mammal,mammal,0.9052,classifier+rollup_to_class,1040,194,1243
S1_E08_R2_PICT1374.jpg,gazelle,False,animal,animal,0.9768,dc5dbe17-a8ca-40a6-ac6a-3b6b1d63e6d6;mammalia;artiodactyla;bovidae;eudorcas;thomsonii;thomson's gazelle,gazelle,0.9768,classifier,1088,198,1294
S1_E08_R2_PICT1497.jpg,gazelle,False,animal,animal,0.9587,dc5dbe17-a8ca-40a6-ac6a-3b6b1d63e6d6;mammalia;artiodactyla;bovidae;eudorcas;thomsonii;thomson's gazelle,gazelle,0.8931,classifier,1091,196,1295
S1_E08_R2_PICT1851.jpg,gazelle,False,animal,animal,0.9776,8cf3fce2-0078-4347-9e46-5324fd12f8ed;mammalia;artiodactyla;bovidae;;;bovidae family,bovidae family,0.9951,classifier+rollup_to_family,1056,198,1263
S1_E08_R2_PICT2231.jpg,gazelle,False,animal,animal,0.9734,dc5dbe17-a8ca-40a6-ac6a-3b6b1d63e6d6;mammalia;artiodactyla;bovidae;eudorcas;thomsonii;thomson's gazelle,gazelle,0.9,classifier,1050,198,1256
S1_E08_R2_PICT2413.jpg,empty,True,animal,animal,0.7809,1f689929-883d-4dae-958c-3d57ab5b6c16;;;;;;animal,animal,0.7809,detector,1065,197,1271
S1_E08_R2_PICT2737.jpg,empty,True,animal,animal,0.8656,eeeb5d26-2a47-4d01-a3de-10b33ec0aee4;mammalia;carnivora;;;;carnivorous mammal,carnivorous mammal,0.6561,classifier+rollup_to_order,1057,196,1262
S1_E08_R2_PICT2770.jpg,lion,False,animal,animal,0.939,dc5dbe17-a8ca-40a6-ac6a-3b6b1d63e6d6;mammalia;artiodactyla;bovidae;eudorcas;thomsonii;thomson's gazelle,gazelle,0.7724,classifier,1051,201,1260
S1_E08_R2_PICT2805.jpg,empty,True,animal,animal,0.4356,f2efdae9-efb8-48fb-8a91-eccf79ab4ffb;no cv result;no cv result;no cv result;no cv result;no cv result;no cv result,unknown,0.8155,classifier,1076,202,1286
S1_E08_R2_PICT2980.jpg,impala,False,animal,animal,0.9274,8cf3fce2-0078-4347-9e46-5324fd12f8ed;mammalia;artiodactyla;bovidae;;;bovidae family,bovidae family,0.7708,classifier+rollup_to_family,1149,195,1353
S1_E08_R2_PICT3059.jpg,gazelle,False,animal,animal,0.9461,dc5dbe17-a8ca-40a6-ac6a-3b6b1d63e6d6;mammalia;artiodactyla;bovidae;eudorcas;thomsonii;thomson's gazelle,gazelle,0.8874,classifier,1153,199,1361
S1_E09_R2_PICT0129.jpg,gazelle,False,animal,animal,0.9623,dc5dbe17-a8ca-40a6-ac6a-3b6b1d63e6d6;mammalia;artiodactyla;bovidae;eudorcas;thomsonii;thomson's gazelle,gazelle,0.9959,classifier,1143,214,1367
S1_E09_R2_PICT0555.jpg,empty,True,empty,,,,,,,1069,,1078
S1_E09_R2_PICT0727.jpg,hyena,False,animal,animal,0.9773,dce8d520-a3f6-4ed7-a434-bfe98f81a03d;mammalia;carnivora;hyaenidae;crocuta;crocuta;spotted hyaena,hyena,0.9279,classifier,1221,201,1432
S1_E09_R2_PICT1000.jpg,empty,True,empty,,,,,,,1103,,1112
S1_E09_R2_PICT1165.jpg,wildebeest,False,animal,animal,0.7103,aca65aaa-8c6d-4b69-94de-842b08b13bd6;mammalia;artiodactyla;bovidae;bos;taurus;domestic cattle,domestic cattle,0.8083,classifier,1065,196,1271
S1_E09_R2_PICT1170.jpg,hyena,False,animal,animal,0.9282,dce8d520-a3f6-4ed7-a434-bfe98f81a03d;mammalia;carnivora;hyaenidae;crocuta;crocuta;spotted hyaena,hyena,0.9792,classifier,1069,202,1281
S1_E09_R2_PICT1333.jpg,empty,True,empty,,,,,,,1079,,1088
S1_E09_R2_PICT2927.jpg,empty,True,empty,,,,,,,1066,,1075
S1_E09_R2_PICT3103.jpg,empty,True,empty,,,,,,,1054,,1064
S1_E10_R1_PICT0297.jpg,empty,True,empty,,,,,,,1046,,1055
S1_E10_R1_PICT0405.jpg,empty,True,empty,,,,,,,1066,,1076
S1_E10_R1_PICT0808.jpg,empty,True,empty,,,,,,,1078,,1088
S1_E10_R1_PICT1098.jpg,empty,True,empty,,,,,,,1055,,1065
S1_E10_R1_PICT1282.jpg,empty,True,empty,,,,,,,1053,,1062
S1_E10_R1_PICT1463.jpg,empty,True,empty,,,,,,,1049,,1059
S1_E10_R1_PICT1487.jpg,empty,True,empty,,,,,,,1080,,1090
S1_E10_R1_PICT1566.jpg,empty,True,empty,,,,,,,1076,,1086
S1_E10_R1_PICT1650.jpg,empty,True,empty,,,,,,,1064,,1075
S1_E10_R1_PICT1729.jpg,empty,True,empty,,,,,,,1059,,1069
S1_E10_R1_PICT2285.jpg,empty,True,animal,animal,0.2006,f2efdae9-efb8-48fb-8a91-eccf79ab4ffb;no cv result;no cv result;no cv result;no cv result;no cv result;no cv result,unknown,0.9819,classifier,1053,199,1261
S1_E10_R1_PICT3042.jpg,empty,True,empty,animal,0.1129,,,,,1099,,1109
S1_E10_R1_PICT3114.jpg,empty,True,empty,animal,0.1045,,,,,1082,,1092
S1_E10_R1_PICT3341.jpg,empty,True,human,human,0.2516,,,,,1069,,1079
S1_E10_R1_PICT3514.jpg,empty,True,empty,,,,,,,1049,,1059
S1_E10_R1_PICT3533.jpg,empty,True,empty,human,0.1145,,,,,1045,,1056
S1_E10_R1_PICT3619.jpg,empty,True,empty,,,,,,,1087,,1097
S1_E10_R1_PICT3776.jpg,empty,True,empty,,,,,,,1083,,1093
S1_E10_R1_PICT3886.jpg,empty,True,empty,,,,,,,1056,,1066
S1_E10_R1_PICT4428.jpg,empty,True,empty,,,,,,,1048,,1058
S1_E10_R1_PICT4540.jpg,empty,True,empty,,,,,,,1120,,1130
S1_E11_R1_PICT0457.jpg,empty,True,empty,,,,,,,1051,,1060
S1_E11_R1_PICT0692.jpg,empty,True,empty,,,,,,,1062,,1072
S1_E12_R1_PICT0222.jpg,empty,True,empty,,,,,,,1045,,1053
S1_E12_R1_PICT0361.jpg,hyena,False,animal,animal,0.9367,dce8d520-a3f6-4ed7-a434-bfe98f81a03d;mammalia;carnivora;hyaenidae;crocuta;crocuta;spotted hyaena,hyena,0.9989,classifier,1064,234,1307
S1_E12_R1_PICT0800.jpg,empty,True,empty,,,,,,,1061,,1071
S1_E12_R1_PICT1102.jpg,hyena,False,animal,animal,0.8999,dce8d520-a3f6-4ed7-a434-bfe98f81a03d;mammalia;carnivora;hyaenidae;crocuta;crocuta;spotted hyaena,hyena,0.9797,classifier,1060,197,1265
S1_E12_R1_PICT1145.jpg,empty,True,empty,,,,,,,1046,,1055
S1_E13_R1_PICT0050.jpg,empty,True,animal,animal,0.5689,b1352069-a39c-4a84-a949-60044271c0c1;aves;;;;;bird,bird,0.7922,classifier+rollup_to_class,1050,194,1253
S1_E13_R1_PICT0106.jpg,buffalo,False,animal,animal,0.9192,9732cefb-6a08-49f6-b61e-b9a9054368c4;mammalia;artiodactyla;bovidae;syncerus;caffer;african buffalo,buffalo,0.9619,classifier,1083,204,1297
S1_E13_R1_PICT0138.jpg,buffalo,False,animal,animal,0.6625,9732cefb-6a08-49f6-b61e-b9a9054368c4;mammalia;artiodactyla;bovidae;syncerus;caffer;african buffalo,buffalo,0.8128,classifier,1111,196,1317
S1_E13_R1_PICT0142.jpg,buffalo,False,animal,animal,0.9393,9732cefb-6a08-49f6-b61e-b9a9054368c4;mammalia;artiodactyla;bovidae;syncerus;caffer;african buffalo,buffalo,0.9638,classifier,1055,210,1274
S1_E13_R1_PICT0244.jpg,warthog,False,animal,animal,0.7127,f2d233e3-80e3-433d-9687-e29ecc7a467a;mammalia;;;;;mammal,mammal,0.6642,classifier+rollup_to_class,1067,204,1280
S1_E13_R1_PICT0248.jpg,gazelle,False,animal,animal,0.9396,8c48ed75-e275-4188-a6b1-55929d298e85;mammalia;artiodactyla;bovidae;nanger;granti;grant's gazelle,gazelle,0.9078,classifier,1061,196,1267
S1_E13_R1_PICT0351.jpg,lion,False,animal,animal,0.492,8cf3fce2-0078-4347-9e46-5324fd12f8ed;mammalia;artiodactyla;bovidae;;;bovidae family,bovidae family,0.6813,classifier+rollup_to_family,1066,196,1270
S1_E13_R1_PICT0399.jpg,elephant,False,animal,animal,0.9579,55631055-3e0e-4b7a-9612-dedebe9f78b0;mammalia;proboscidea;elephantidae;loxodonta;africana;african elephant,elephant,0.9889,classifier,1048,196,1253
S1_E13_R1_PICT0489.jpg,empty,True,empty,,,,,,,1055,,1064
S1_F02_R1_PICT0020.jpg,empty,True,empty,,,,,,,1063,,1073
S1_F02_R1_PICT0023.jpg,empty,True,empty,,,,,,,1068,,1078
S1_F02_R1_PICT0052.jpg,empty,True,empty,,,,,,,1051,,1061
S1_F02_R1_PICT0071.jpg,empty,True,empty,,,,,,,1047,,1057
S1_F02_R1_PICT0079.jpg,empty,True,empty,,,,,,,1198,,1208
S1_F02_R1_PICT0087.jpg,empty,True,empty,,,,,,,1160,,1170
S1_F02_R1_PICT0115.jpg,empty,True,empty,animal,0.1858,,,,,1247,,1258
S1_F02_R1_PICT0196.jpg,empty,True,empty,,,,,,,1044,,1062
S1_F02_R1_PICT0254.jpg,empty,True,empty,,,,,,,1060,,1069
S1_F02_R1_PICT0382.jpg,empty,True,empty,,,,,,,1115,,1124
S1_F02_R1_PICT0670.jpg,empty,True,empty,,,,,,,1127,,1137
S1_F02_R1_PICT0803.jpg,empty,True,empty,,,,,,,1052,,1061
S1_F02_R1_PICT0873.jpg,empty,True,empty,,,,,,,1057,,1066
S1_F02_R1_PICT0896.jpg,empty,True,empty,,,,,,,1053,,1062
S1_F02_R1_PICT0968.jpg,empty,True,empty,,,,,,,1064,,1074
S1_F02_R1_PICT0994.jpg,empty,True,empty,,,,,,,1083,,1093
S1_F02_R1_PICT1017.jpg,empty,True,empty,,,,,,,1056,,1065
S1_F02_R1_PICT1060.jpg,empty,True,empty,,,,,,,1045,,1055
S1_F02_R1_PICT1065.jpg,empty,True,empty,,,,,,,1097,,1107
S1_F02_R1_PICT1157.jpg,empty,True,empty,,,,,,,1288,,1299
S1_F02_R1_PICT1195.jpg,empty,True,empty,,,,,,,1071,,1084
S1_F02_R1_PICT1255.jpg,empty,True,empty,,,,,,,1066,,1076
S1_F02_R1_PICT1317.jpg,empty,True,empty,,,,,,,1065,,1075
S1_F02_R2_PICT0200.jpg,empty,True,empty,,,,,,,1092,,1100
S1_F02_R2_PICT0313.jpg,empty,True,empty,,,,,,,1062,,1072
S1_F02_R2_PICT0709.jpg,empty,True,empty,animal,0.1762,,,,,1056,,1066
S1_F02_R2_PICT1019.jpg,empty,True,animal,animal,0.4467,f1856211-cfb7-4a5b-9158-c0f72fd09ee6;;;;;;blank,blank,0.9982,classifier,1048,267,1324
S1_F02_R3_PICT0301.jpg,empty,True,empty,,,,,,,1107,,1117
S1_F02_R3_PICT0454.jpg,buffalo,False,animal,animal,0.843,8cf3fce2-0078-4347-9e46-5324fd12f8ed;mammalia;artiodactyla;bovidae;;;bovidae family,bovidae family,0.7345,classifier+rollup_to_family,1121,198,1329
S1_F02_R3_PICT0460.jpg,buffalo,False,animal,animal,0.9133,9732cefb-6a08-49f6-b61e-b9a9054368c4;mammalia;artiodactyla;bovidae;syncerus;caffer;african buffalo,buffalo,0.9483,classifier,1072,205,1287
S1_F02_R3_PICT0470.jpg,wildebeest,False,animal,animal,0.7635,8cf3fce2-0078-4347-9e46-5324fd12f8ed;mammalia;artiodactyla;bovidae;;;bovidae family,bovidae family,0.8735,classifier+rollup_to_family,1148,209,1366
S1_F02_R3_PICT0784.jpg,empty,True,empty,,,,,,,1108,,1117
S1_F02_R3_PICT0859.jpg,hyena,False,animal,animal,0.837,dce8d520-a3f6-4ed7-a434-bfe98f81a03d;mammalia;carnivora;hyaenidae;crocuta;crocuta;spotted hyaena,hyena,0.9917,classifier,1108,234,1352
S1_F02_R3_PICT0956.jpg,empty,True,empty,,,,,,,1048,,1058
S1_F02_R3_PICT0973.jpg,empty,True,empty,,,,,,,1053,,1063
S1_F02_R3_PICT1017.jpg,empty,True,empty,,,,,,,1087,,1096
S1_F02_R3_PICT1362.jpg,empty,True,empty,,,,,,,1056,,1066
S1_F02_R4_PICT0097.jpg,empty,True,empty,,,,,,,1082,,1091
S1_F02_R4_PICT0138.jpg,empty,True,empty,,,,,,,1055,,1064
S1_F02_R4_PICT0462.jpg,empty,True,empty,,,,,,,1258,,1267
S1_F02_R4_PICT0505.jpg,empty,True,empty,,,,,,,1165,,1176
S1_F02_R4_PICT0617.jpg,empty,True,empty,,,,,,,1070,,1081
S1_F02_R4_PICT0980.jpg,empty,True,empty,,,,,,,1102,,1111
S1_F02_R4_PICT1023.jpg,empty,True,empty,,,,,,,1157,,1166
S1_F02_R4_PICT1556.jpg,empty,True,empty,,,,,,,1229,,1238
S1_F02_R4_PICT1719.jpg,buffalo,False,animal,animal,0.927,9732cefb-6a08-49f6-b61e-b9a9054368c4;mammalia;artiodactyla;bovidae;syncerus;caffer;african buffalo,buffalo,0.9911,classifier,1166,239,1415
S1_F02_R4_PICT1752.jpg,buffalo,False,animal,animal,0.944,9732cefb-6a08-49f6-b61e-b9a9054368c4;mammalia;artiodactyla;bovidae;syncerus;caffer;african buffalo,buffalo,0.9865,classifier,1067,196,1271
S1_F02_R4_PICT1762.jpg,buffalo,False,animal,animal,0.9429,9732cefb-6a08-49f6-b61e-b9a9054368c4;mammalia;artiodactyla;bovidae;syncerus;caffer;african buffalo,buffalo,0.9968,classifier,1073,198,1280
S1_F02_R4_PICT1890.jpg,empty,True,animal,animal,0.4776,f2efdae9-efb8-48fb-8a91-eccf79ab4ffb;no cv result;no cv result;no cv result;no cv result;no cv result;no cv result,unknown,0.7605,classifier,1084,198,1291
S1_F02_R4_PICT1971.jpg,empty,True,empty,,,,,,,1063,,1073
S1_F02_R4_PICT2081.jpg,zebra,False,animal,animal,0.5098,dd39bbd5-077c-482e-9d33-bd176116c870;mammalia;perissodactyla;equidae;equus;quagga;plains zebra,zebra,0.7822,classifier,1094,216,1318
S1_F03_R1_PICT0137.jpg,buffalo,False,animal,animal,0.7974,dce8d520-a3f6-4ed7-a434-bfe98f81a03d;mammalia;carnivora;hyaenidae;crocuta;crocuta;spotted hyaena,hyena,0.6625,classifier,1266,237,1512
S1_F03_R1_PICT0181.jpg,empty,True,empty,,,,,,,1289,,1299
S1_F03_R1_PICT0202.jpg,empty,True,empty,,,,,,,1044,,1054
S1_F03_R1_PICT0257.jpg,impala,False,animal,animal,0.7764,c134e0ab-cf96-45ec-bae6-60b94995f71b;mammalia;artiodactyla;bovidae;aepyceros;melampus;impala,impala,0.866,classifier,1053,208,1270
S1_F03_R1_PICT0301.jpg,empty,True,empty,,,,,,,1063,,1072
S1_F03_R2_PICT0125.jpg,empty,True,empty,,,,,,,1129,,1139
S1_F03_R2_PICT0168.jpg,zebra,False,animal,animal,0.9763,dd39bbd5-077c-482e-9d33-bd176116c870;mammalia;perissodactyla;equidae;equus;quagga;plains zebra,zebra,0.9951,classifier,1101,199,1309
S1_F03_R3_PICT0039.jpg,empty,True,empty,,,,,,,1280,,1290
S1_F03_R3_PICT0203.jpg,empty,True,empty,,,,,,,1088,,1098
S1_F04_R1_PICT0058.jpg,empty,True,empty,,,,,,,1112,,1122
S1_F04_R1_PICT0173.jpg,empty,True,empty,,,,,,,1119,,1130
S1_F04_R1_PICT0198.jpg,impala,False,animal,animal,0.9371,c134e0ab-cf96-45ec-bae6-60b94995f71b;mammalia;artiodactyla;bovidae;aepyceros;melampus;impala,impala,0.7039,classifier,1058,210,1279
S1_F04_R1_PICT0240.jpg,impala,False,animal,animal,0.926,c134e0ab-cf96-45ec-bae6-60b94995f71b;mammalia;artiodactyla;bovidae;aepyceros;melampus;impala,impala,0.953,classifier,1065,205,1281
S1_F04_R1_PICT0249.jpg,impala,False,animal,animal,0.9307,c134e0ab-cf96-45ec-bae6-60b94995f71b;mammalia;artiodactyla;bovidae;aepyceros;melampus;impala,impala,0.8411,classifier,1075,199,1291
S1_F04_R2_PICT0012.jpg,impala,False,animal,animal,0.945,8cf3fce2-0078-4347-9e46-5324fd12f8ed;mammalia;artiodactyla;bovidae;;;bovidae family,bovidae family,0.9878,classifier+rollup_to_family,1059,198,1267
S1_F04_R2_PICT0279.jpg,empty,True,empty,,,,,,,1060,,1069
S1_F04_R2_PICT0342.jpg,empty,True,empty,,,,,,,1048,,1058
S1_F04_R2_PICT0560.jpg,empty,True,empty,,,,,,,1047,,1057
S1_F04_R2_PICT0636.jpg,empty,True,empty,,,,,,,1071,,1080
S1_F04_R2_PICT0658.jpg,impala,False,animal,animal,0.961,c134e0ab-cf96-45ec-bae6-60b94995f71b;mammalia;artiodactyla;bovidae;aepyceros;melampus;impala,impala,0.6691,classifier,1050,203,1262
S1_F04_R2_PICT0790.jpg,empty,True,empty,,,,,,,1046,,1055
S1_F04_R2_PICT0969.jpg,empty,True,empty,,,,,,,1065,,1075
S1_F04_R2_PICT1167.jpg,empty,True,empty,,,,,,,1062,,1071
S1_F04_R2_PICT1345.jpg,empty,True,empty,,,,,,,1054,,1063
S1_F04_R2_PICT1901.jpg,empty,True,empty,,,,,,,1046,,1055
S1_F04_R2_PICT1958.jpg,empty,True,empty,,,,,,,1075,,1084
S1_F04_R2_PICT2064.jpg,empty,True,empty,,,,,,,1040,,1048
S1_F04_R2_PICT2263.jpg,empty,True,empty,,,,,,,1077,,1086
S1_F04_R2_PICT2306.jpg,empty,True,empty,,,,,,,1040,,1049
S1_F04_R2_PICT2414.jpg,empty,True,empty,,,,,,,1055,,1065
S1_F04_R2_PICT2602.jpg,empty,True,empty,animal,0.1055,,,,,1057,,1066
S1_F04_R2_PICT2614.jpg,empty,True,empty,,,,,,,1083,,1092
S1_F04_R2_PICT2632.jpg,empty,True,empty,animal,0.1069,,,,,1050,,1058
S1_F04_R2_PICT3075.jpg,empty,True,empty,,,,,,,1094,,1103
S1_F05_R1_PICT0069.jpg,empty,True,empty,,,,,,,1057,,1066
S1_F05_R1_PICT0139.jpg,empty,True,empty,,,,,,,1214,,1223
S1_F05_R1_PICT0194.jpg,empty,True,empty,,,,,,,1182,,1191
S1_F05_R1_PICT0260.jpg,gazelle,False,animal,animal,0.9551,dc5dbe17-a8ca-40a6-ac6a-3b6b1d63e6d6;mammalia;artiodactyla;bovidae;eudorcas;thomsonii;thomson's gazelle,gazelle,0.9014,classifier,1058,225,1292
S1_F05_R1_PICT0288.jpg,empty,True,empty,,,,,,,1067,,1076
S1_F05_R1_PICT0294.jpg,empty,True,empty,,,,,,,1050,,1059
S1_F05_R2_PICT0033.jpg,empty,True,empty,,,,,,,1256,,1265
S1_F05_R2_PICT0212.jpg,zebra,False,animal,animal,0.8837,dd39bbd5-077c-482e-9d33-bd176116c870;mammalia;perissodactyla;equidae;equus;quagga;plains zebra,zebra,0.9469,classifier,1257,296,1563
S1_F05_R2_PICT0355.jpg,empty,True,animal,animal,0.401,f2efdae9-efb8-48fb-8a91-eccf79ab4ffb;no cv result;no cv result;no cv result;no cv result;no cv result;no cv result,unknown,0.9895,classifier,1215,214,1438
S1_F05_R2_PICT0571.jpg,gazelle,False,animal,animal,0.9047,dc5dbe17-a8ca-40a6-ac6a-3b6b1d63e6d6;mammalia;artiodactyla;bovidae;eudorcas;thomsonii;thomson's gazelle,gazelle,0.9941,classifier,1211,194,1413
S1_F05_R2_PICT0777.jpg,empty,True,animal,animal,0.6535,1f689929-883d-4dae-958c-3d57ab5b6c16;;;;;;animal,animal,0.6535,detector,1097,204,1310
S1_F05_R2_PICT1245.jpg,empty,True,empty,,,,,,,1044,,1052
S1_F05_R2_PICT1595.jpg,empty,True,animal,animal,0.6836,1f689929-883d-4dae-958c-3d57ab5b6c16;;;;;;animal,animal,0.6836,detector,1057,194,1260
S1_F05_R2_PICT1863.jpg,wildebeest,False,animal,animal,0.8406,1f689929-883d-4dae-958c-3d57ab5b6c16;;;;;;animal,animal,0.8406,detector,1120,253,1383
S1_F05_R2_PICT2013.jpg,empty,True,animal,animal,0.4437,f2efdae9-efb8-48fb-8a91-eccf79ab4ffb;no cv result;no cv result;no cv result;no cv result;no cv result;no cv result,unknown,0.385,classifier,1301,213,1523
S1_F05_R2_PICT2316.jpg,gazelle,False,animal,animal,0.8968,8c48ed75-e275-4188-a6b1-55929d298e85;mammalia;artiodactyla;bovidae;nanger;granti;grant's gazelle,gazelle,0.9527,classifier,1271,262,1542
S1_F05_R2_PICT2403.jpg,gazelle,False,animal,animal,0.953,dc5dbe17-a8ca-40a6-ac6a-3b6b1d63e6d6;mammalia;artiodactyla;bovidae;eudorcas;thomsonii;thomson's gazelle,gazelle,0.9854,classifier,1293,216,1518
S1_F05_R2_PICT2618.jpg,warthog,False,animal,animal,0.9575,ccd7d6d7-8eb2-4fdb-a6d6-f1970847e449;mammalia;artiodactyla;suidae;phacochoerus;africanus;common warthog,warthog,0.9856,classifier,1150,285,1443
S1_F05_R2_PICT2733.jpg,gazelle,False,animal,animal,0.8926,dc5dbe17-a8ca-40a6-ac6a-3b6b1d63e6d6;mammalia;artiodactyla;bovidae;eudorcas;thomsonii;thomson's gazelle,gazelle,0.9928,classifier,1233,253,1494
S1_F06_R1_PICT0013.jpg,buffalo,False,animal,animal,0.9533,9732cefb-6a08-49f6-b61e-b9a9054368c4;mammalia;artiodactyla;bovidae;syncerus;caffer;african buffalo,buffalo,0.9876,classifier,1212,260,1481
S1_F06_R1_PICT0037.jpg,elephant,False,animal,animal,0.5536,55631055-3e0e-4b7a-9612-dedebe9f78b0;mammalia;proboscidea;elephantidae;loxodonta;africana;african elephant,elephant,0.9979,classifier,1228,197,1434
S1_F06_R1_PICT0046.jpg,elephant,False,animal,animal,0.9243,55631055-3e0e-4b7a-9612-dedebe9f78b0;mammalia;proboscidea;elephantidae;loxodonta;africana;african elephant,elephant,0.9666,classifier,1281,222,1512
S1_F06_R1_PICT0113.jpg,empty,True,animal,animal,0.2462,f2efdae9-efb8-48fb-8a91-eccf79ab4ffb;no cv result;no cv result;no cv result;no cv result;no cv result;no cv result,unknown,0.9871,classifier,1230,265,1508
S1_F06_R2_PICT0164.jpg,buffalo,False,animal,animal,0.9514,9732cefb-6a08-49f6-b61e-b9a9054368c4;mammalia;artiodactyla;bovidae;syncerus;caffer;african buffalo,buffalo,0.6945,classifier,1072,233,1314
S1_F06_R2_PICT0178.jpg,buffalo,False,animal,animal,0.9541,9732cefb-6a08-49f6-b61e-b9a9054368c4;mammalia;artiodactyla;bovidae;syncerus;caffer;african buffalo,buffalo,0.9983,classifier,1100,216,1326
S1_F06_R2_PICT0185.jpg,wildebeest,False,animal,animal,0.911,9732cefb-6a08-49f6-b61e-b9a9054368c4;mammalia;artiodactyla;bovidae;syncerus;caffer;african buffalo,buffalo,0.7293,classifier,1084,197,1292
S1_F06_R2_PICT0212.jpg,empty,True,empty,,,,,,,1117,,1127
S1_F06_R3_PICT0133.jpg,elephant,False,animal,animal,0.2041,aca65aaa-8c6d-4b69-94de-842b08b13bd6;mammalia;artiodactyla;bovidae;bos;taurus;domestic cattle,domestic cattle,0.8445,classifier,1336,285,1632
S1_F08_R1_PICT0033.jpg,empty,True,empty,,,,,,,1700,,1711
S1_F08_R1_PICT0055.jpg,empty,True,empty,,,,,,,1761,,1771
S1_F08_R1_PICT0432.jpg,empty,True,empty,,,,,,,1377,,1387
S1_F08_R1_PICT0643.jpg,empty,True,empty,,,,,,,1510,,1523
S1_F08_R1_PICT0697.jpg,empty,True,empty,,,,,,,1275,,1291
S1_F08_R1_PICT0796.jpg,empty,True,empty,,,,,,,1203,,1212
S1_F08_R1_PICT0889.jpg,empty,True,empty,,,,,,,1154,,1164
S1_F08_R1_PICT0964.jpg,empty,True,empty,,,,,,,1073,,1083
S1_F08_R1_PICT1000.jpg,empty,True,empty,,,,,,,1067,,1076
S1_F08_R1_PICT1002.jpg,empty,True,empty,,,,,,,1159,,1168
S1_F08_R1_PICT1103.jpg,empty,True,empty,,,,,,,1172,,1182
S1_F08_R1_PICT1119.jpg,empty,True,empty,,,,,,,1061,,1070
S1_F08_R1_PICT1128.jpg,empty,True,empty,,,,,,,1088,,1097
S1_F08_R1_PICT1396.jpg,empty,True,empty,,,,,,,1064,,1073
S1_F08_R1_PICT1577.jpg,empty,True,empty,,,,,,,1041,,1050
S1_F08_R2_PICT0133.jpg,empty,True,empty,,,,,,,1082,,1091
S1_F08_R2_PICT0282.jpg,empty,True,empty,,,,,,,1056,,1065
S1_F08_R2_PICT0308.jpg,empty,True,empty,,,,,,,1138,,1146
S1_F08_R2_PICT0489.jpg,empty,True,empty,,,,,,,1067,,1076
S1_F08_R2_PICT0506.jpg,empty,True,empty,,,,,,,1088,,1098
S1_F08_R2_PICT0519.jpg,empty,True,empty,,,,,,,1057,,1066
S1_F08_R2_PICT0552.jpg,empty,True,empty,,,,,,,1106,,1116
S1_F08_R2_PICT0636.jpg,empty,True,empty,,,,,,,1047,,1056
S1_F08_R2_PICT0708.jpg,empty,True,empty,,,,,,,1061,,1070
S1_F08_R2_PICT0761.jpg,empty,True,empty,animal,0.1373,,,,,1067,,1076
S1_F08_R2_PICT0857.jpg,empty,True,empty,,,,,,,1119,,1128
S1_F08_R2_PICT0911.jpg,empty,True,empty,,,,,,,1061,,1071
S1_F08_R2_PICT0919.jpg,empty,True,empty,,,,,,,1073,,1083
S1_F08_R2_PICT1353.jpg,empty,True,empty,,,,,,,1086,,1096
S1_F08_R2_PICT1409.jpg,empty,True,empty,,,,,,,1060,,1069
S1_F08_R2_PICT1683.jpg,empty,True,empty,,,,,,,1086,,1095
S1_F08_R2_PICT1925.jpg,empty,True,empty,,,,,,,1055,,1064
S1_F08_R2_PICT1951.jpg,hyena,False,animal,animal,0.771,dce8d520-a3f6-4ed7-a434-bfe98f81a03d;mammalia;carnivora;hyaenidae;crocuta;crocuta;spotted hyaena,hyena,0.9909,classifier,1052,259,1320
S1_F08_R2_PICT2333.jpg,empty,True,empty,,,,,,,1081,,1091
S1_F08_R2_PICT2491.jpg,empty,True,empty,,,,,,,1084,,1093
S1_F08_R2_PICT2543.jpg,empty,True,empty,,,,,,,1091,,1100
S1_F08_R3_PICT0405.jpg,empty,True,empty,,,,,,,1329,,1338
S1_F08_R3_PICT0640.jpg,empty,True,empty,,,,,,,1262,,1271
S1_F08_R3_PICT0679.jpg,empty,True,empty,,,,,,,1151,,1160
S1_F08_R3_PICT0974.jpg,empty,True,empty,,,,,,,1196,,1204
S1_F08_R3_PICT1647.jpg,empty,True,empty,,,,,,,1115,,1123
S1_F08_R3_PICT1867.jpg,empty,True,empty,,,,,,,1101,,1109
S1_F08_R3_PICT2234.jpg,empty,True,empty,,,,,,,1189,,1198
S1_F08_R3_PICT2534.jpg,elephant,False,animal,animal,0.8995,55631055-3e0e-4b7a-9612-dedebe9f78b0;mammalia;proboscidea;elephantidae;loxodonta;africana;african elephant,elephant,0.9944,classifier,1176,263,1447
S1_F08_R3_PICT2715.jpg,elephant,False,animal,animal,0.931,55631055-3e0e-4b7a-9612-dedebe9f78b0;mammalia;proboscidea;elephantidae;loxodonta;africana;african elephant,elephant,0.9911,classifier,1237,198,1444
S1_F09_R1_PICT0044.jpg,empty,True,empty,,,,,,,1121,,1130
S1_F09_R1_PICT0107.jpg,wildebeest,False,animal,animal,0.9682,8cf3fce2-0078-4347-9e46-5324fd12f8ed;mammalia;artiodactyla;bovidae;;;bovidae family,bovidae family,0.9019,classifier+rollup_to_family,1056,208,1274
S1_F09_R1_PICT0173.jpg,empty,True,empty,,,,,,,1133,,1143
S1_F09_R1_PICT0206.jpg,empty,True,vehicle,vehicle,0.5452,,,,,1062,,1076
S1_F09_R1_PICT0228.jpg,empty,True,empty,,,,,,,1064,,1073
S1_F09_R1_PICT0301.jpg,empty,True,empty,,,,,,,1087,,1096
S1_F09_R1_PICT0369.jpg,empty,True,empty,,,,,,,1116,,1125
S1_F09_R1_PICT0380.jpg,empty,True,empty,,,,,,,1234,,1244
S1_F09_R1_PICT0401.jpg,empty,True,empty,,,,,,,1090,,1099
S1_F09_R1_PICT0406.jpg,empty,True,empty,,,,,,,1083,,1091
S1_F09_R1_PICT0413.jpg,empty,True,empty,,,,,,,1051,,1060
S1_F09_R1_PICT0448.jpg,empty,True,empty,vehicle,0.1801,,,,,1070,,1079
S1_F09_R1_PICT0455.jpg,empty,True,vehicle,vehicle,0.6603,,,,,1173,,1182
S1_F09_R1_PICT0494.jpg,empty,True,empty,,,,,,,1066,,1075
S1_F09_R1_PICT0517.jpg,empty,True,animal,animal,0.5295,f1856211-cfb7-4a5b-9158-c0f72fd09ee6;;;;;;blank,blank,0.9999,classifier,1085,237,1332
S1_F09_R1_PICT0582.jpg,empty,True,animal,animal,0.7768,b1352069-a39c-4a84-a949-60044271c0c1;aves;;;;;bird,bird,0.6963,classifier,1191,236,1436
S1_F09_R2_PICT0008.jpg,empty,True,empty,,,,,,,1072,,1081
S1_F09_R2_PICT0497.jpg,empty,True,empty,,,,,,,1053,,1063
S1_F09_R2_PICT0997.jpg,empty,True,animal,animal,0.3481,f1856211-cfb7-4a5b-9158-c0f72fd09ee6;;;;;;blank,blank,0.999,classifier,1076,195,1280
S1_F09_R2_PICT1275.jpg,empty,True,empty,,,,,,,1105,,1114
S1_F09_R2_PICT1502.jpg,empty,True,empty,,,,,,,1080,,1090
S1_F09_R2_PICT1740.jpg,empty,True,empty,,,,,,,1083,,1091
S1_F09_R2_PICT1839.jpg,empty,True,empty,,,,,,,1194,,1203
S1_F09_R2_PICT2007.jpg,empty,True,empty,,,,,,,1333,,1342
S1_F09_R2_PICT2434.jpg,empty,True,empty,,,,,,,1287,,1297
S1_F09_R2_PICT2861.jpg,empty,True,empty,,,,,,,1292,,1317
S1_F09_R2_PICT2903.jpg,empty,True,empty,,,,,,,1279,,1289
S1_F09_R3_PICT0058.jpg,empty,True,empty,,,,,,,1280,,1288
S1_F09_R3_PICT0187.jpg,empty,True,empty,,,,,,,1346,,1356
S1_F09_R3_PICT0346.jpg,empty,True,empty,animal,0.1259,,,,,1054,,1068
S1_F09_R3_PICT1303.jpg,empty,True,empty,,,,,,,1071,,1080
S1_F09_R3_PICT1528.jpg,elephant,False,animal,animal,0.922,55631055-3e0e-4b7a-9612-dedebe9f78b0;mammalia;proboscidea;elephantidae;loxodonta;africana;african elephant,elephant,0.9925,classifier,1072,249,1330
S1_F10_R1_PICT0217.jpg,lion,False,animal,animal,0.8975,ddf59264-185a-4d35-b647-2785792bdf54;mammalia;carnivora;felidae;panthera;leo;lion,lion,0.9908,classifier,1260,244,1513
S1_F10_R1_PICT0218.jpg,lion,False,animal,animal,0.9327,ddf59264-185a-4d35-b647-2785792bdf54;mammalia;carnivora;felidae;panthera;leo;lion,lion,0.9987,classifier,1195,228,1433
S1_F10_R1_PICT0225.jpg,lion,False,animal,animal,0.8979,ddf59264-185a-4d35-b647-2785792bdf54;mammalia;carnivora;felidae;panthera;leo;lion,lion,0.9957,classifier,1348,262,1621
S1_F10_R1_PICT0270.jpg,warthog,False,animal,animal,0.8371,ccd7d6d7-8eb2-4fdb-a6d6-f1970847e449;mammalia;artiodactyla;suidae;phacochoerus;africanus;common warthog,warthog,0.9239,classifier,1760,412,2184
S1_F10_R1_PICT0297.jpg,warthog,False,empty,,,,,,,2370,,2381
S1_F10_R1_PICT0348.jpg,lion,False,animal,animal,0.968,ddf59264-185a-4d35-b647-2785792bdf54;mammalia;carnivora;felidae;panthera;leo;lion,lion,0.9996,classifier,1975,595,2583
S1_F10_R1_PICT0362.jpg,lion,False,animal,animal,0.9352,ddf59264-185a-4d35-b647-2785792bdf54;mammalia;carnivora;felidae;panthera;leo;lion,lion,0.9847,classifier,2130,500,2650
S1_F10_R1_PICT0368.jpg,lion,False,animal,animal,0.8974,ddf59264-185a-4d35-b647-2785792bdf54;mammalia;carnivora;felidae;panthera;leo;lion,lion,0.9402,classifier,1845,553,2409
S1_F10_R1_PICT0399.jpg,lion,False,animal,animal,0.9513,ddf59264-185a-4d35-b647-2785792bdf54;mammalia;carnivora;felidae;panthera;leo;lion,lion,0.9998,classifier,2181,472,2668
S1_F10_R1_PICT0423.jpg,lion,False,animal,animal,0.9139,ddf59264-185a-4d35-b647-2785792bdf54;mammalia;carnivora;felidae;panthera;leo;lion,lion,0.9998,classifier,2874,571,3458
S1_F10_R1_PICT0429.jpg,lion,False,animal,animal,0.9377,ddf59264-185a-4d35-b647-2785792bdf54;mammalia;carnivora;felidae;panthera;leo;lion,lion,0.9995,classifier,2227,499,2739
S1_F11_R1_PICT0102.jpg,lion,False,animal,animal,0.9096,ddf59264-185a-4d35-b647-2785792bdf54;mammalia;carnivora;felidae;panthera;leo;lion,lion,0.9998,classifier,2071,380,2470
S1_F11_R1_PICT0139.jpg,lion,False,animal,animal,0.9287,ddf59264-185a-4d35-b647-2785792bdf54;mammalia;carnivora;felidae;panthera;leo;lion,lion,0.9996,classifier,1916,525,2450
S1_F11_R1_PICT0150.jpg,lion,False,animal,animal,0.8427,ddf59264-185a-4d35-b647-2785792bdf54;mammalia;carnivora;felidae;panthera;leo;lion,lion,0.9997,classifier,2771,940,3725
S1_F11_R1_PICT0166.jpg,lion,False,animal,animal,0.8986,ddf59264-185a-4d35-b647-2785792bdf54;mammalia;carnivora;felidae;panthera;leo;lion,lion,0.9958,classifier,3332,663,4009
S1_F11_R1_PICT0181.jpg,lion,False,animal,animal,0.9622,ddf59264-185a-4d35-b647-2785792bdf54;mammalia;carnivora;felidae;panthera;leo;lion,lion,0.9992,classifier,2924,799,3733
S1_F11_R1_PICT0342.jpg,empty,True,empty,,,,,,,3109,,3124
S1_F11_R1_PICT0453.jpg,empty,True,empty,,,,,,,2971,,2997
S1_F11_R1_PICT0626.jpg,empty,True,empty,,,,,,,3036,,3067
S1_F11_R1_PICT0692.jpg,empty,True,empty,,,,,,,2193,,2218
S1_F11_R1_PICT0992.jpg,empty,True,empty,,,,,,,2113,,2135
S1_F11_R1_PICT1236.jpg,empty,True,empty,,,,,,,2701,,2853
S1_F11_R1_PICT1363.jpg,empty,True,empty,,,,,,,1996,,2007
S1_F11_R1_PICT1614.jpg,empty,True,empty,,,,,,,1881,,1892
S1_F11_R1_PICT1862.jpg,empty,True,empty,,,,,,,1761,,1774
S1_F11_R1_PICT2112.jpg,empty,True,empty,,,,,,,1745,,1756
S1_F11_R1_PICT2208.jpg,empty,True,empty,,,,,,,1807,,1818
S1_F11_R1_PICT2691.jpg,empty,True,empty,,,,,,,1716,,1727
S1_F11_R1_PICT2703.jpg,empty,True,empty,,,,,,,1798,,1811
S1_F11_R1_PICT2781.jpg,empty,True,empty,,,,,,,1675,,1686
S1_F11_R1_PICT3069.jpg,empty,True,empty,,,,,,,1809,,1822
S1_F11_R1_PICT3182.jpg,empty,True,empty,,,,,,,1692,,1703
S1_F11_R1_PICT3951.jpg,empty,True,empty,,,,,,,1831,,1841
S1_F11_R1_PICT4162.jpg,empty,True,empty,,,,,,,1949,,1960
S1_F11_R1_PICT4326.jpg,empty,True,empty,,,,,,,2090,,2101
S1_F12_R1_PICT0454.jpg,elephant,False,animal,animal,0.9358,55631055-3e0e-4b7a-9612-dedebe9f78b0;mammalia;proboscidea;elephantidae;loxodonta;africana;african elephant,elephant,0.9951,classifier,1745,553,2310
S1_F12_R1_PICT0690.jpg,empty,True,empty,,,,,,,1793,,1802
S1_F12_R1_PICT0775.jpg,empty,True,empty,,,,,,,1849,,1860
S1_F12_R1_PICT0787.jpg,elephant,False,animal,animal,0.9068,55631055-3e0e-4b7a-9612-dedebe9f78b0;mammalia;proboscidea;elephantidae;loxodonta;africana;african elephant,elephant,0.9969,classifier,1775,488,2272
S1_F12_R1_PICT0793.jpg,elephant,False,animal,animal,0.9294,55631055-3e0e-4b7a-9612-dedebe9f78b0;mammalia;proboscidea;elephantidae;loxodonta;africana;african elephant,elephant,0.9952,classifier,1809,439,2264
S1_F12_R1_PICT0929.jpg,wildebeest,False,empty,,,,,,,1937,,1947
S1_F12_R1_PICT1172.jpg,empty,True,empty,,,,,,,1807,,1823
S1_F12_R1_PICT1381.jpg,empty,True,empty,,,,,,,1886,,1894
S1_F12_R1_PICT1742.jpg,empty,True,empty,,,,,,,1942,,1953
S1_F12_R1_PICT1778.jpg,empty,True,empty,,,,,,,1751,,1761
S1_F12_R1_PICT2060.jpg,empty,True,empty,,,,,,,1798,,1808
S1_G01_R1_PICT0057.jpg,impala,False,animal,animal,0.9752,c134e0ab-cf96-45ec-bae6-60b94995f71b;mammalia;artiodactyla;bovidae;aepyceros;melampus;impala,impala,0.8302,classifier,1753,502,2265
S1_G01_R1_PICT0062.jpg,wildebeest,False,animal,animal,0.9614,9732cefb-6a08-49f6-b61e-b9a9054368c4;mammalia;artiodactyla;bovidae;syncerus;caffer;african buffalo,buffalo,0.974,classifier,1834,446,2291
S1_G01_R2_PICT0075.jpg,buffalo,False,animal,animal,0.8545,9732cefb-6a08-49f6-b61e-b9a9054368c4;mammalia;artiodactyla;bovidae;syncerus;caffer;african buffalo,buffalo,0.84,classifier,1999,356,2365
S1_G01_R2_PICT0174.jpg,buffalo,False,animal,animal,0.7771,9732cefb-6a08-49f6-b61e-b9a9054368c4;mammalia;artiodactyla;bovidae;syncerus;caffer;african buffalo,buffalo,0.9334,classifier,1909,436,2357
S1_G01_R2_PICT0209.jpg,buffalo,False,animal,animal,0.8904,9732cefb-6a08-49f6-b61e-b9a9054368c4;mammalia;artiodactyla;bovidae;syncerus;caffer;african buffalo,buffalo,0.9615,classifier,1787,433,2230
S1_G01_R2_PICT0254.jpg,zebra,False,animal,animal,0.7269,dd39bbd5-077c-482e-9d33-bd176116c870;mammalia;perissodactyla;equidae;equus;quagga;plains zebra,zebra,0.9742,classifier,1880,458,2350
S1_G01_R2_PICT0304.jpg,buffalo,False,animal,animal,0.8824,9732cefb-6a08-49f6-b61e-b9a9054368c4;mammalia;artiodactyla;bovidae;syncerus;caffer;african buffalo,buffalo,0.9879,classifier,1792,465,2267
S1_G01_R2_PICT0306.jpg,wildebeest,False,animal,animal,0.8935,8cf3fce2-0078-4347-9e46-5324fd12f8ed;mammalia;artiodactyla;bovidae;;;bovidae family,bovidae family,0.9535,classifier+rollup_to_family,1822,460,2293
S1_G01_R2_PICT0316.jpg,buffalo,False,animal,animal,0.9451,9732cefb-6a08-49f6-b61e-b9a9054368c4;mammalia;artiodactyla;bovidae;syncerus;caffer;african buffalo,buffalo,0.9695,classifier,1807,495,2313
S1_G01_R2_PICT0333.jpg,buffalo,False,animal,animal,0.9496,9732cefb-6a08-49f6-b61e-b9a9054368c4;mammalia;artiodactyla;bovidae;syncerus;caffer;african buffalo,buffalo,0.9973,classifier,1693,372,2075
S1_G01_R2_PICT0357.jpg,buffalo,False,animal,animal,0.9624,9732cefb-6a08-49f6-b61e-b9a9054368c4;mammalia;artiodactyla;bovidae;syncerus;caffer;african buffalo,buffalo,0.9723,classifier,1828,429,2269
S1_G02_R1_PICT0082.jpg,impala,False,animal,animal,0.9414,c134e0ab-cf96-45ec-bae6-60b94995f71b;mammalia;artiodactyla;bovidae;aepyceros;melampus;impala,impala,0.9666,classifier,1721,470,2201
S1_G02_R1_PICT0161.jpg,empty,True,animal,animal,0.3599,f1856211-cfb7-4a5b-9158-c0f72fd09ee6;;;;;;blank,blank,0.9985,classifier,1812,467,2288
S1_G02_R2_PICT0056.jpg,empty,True,empty,,,,,,,1730,,1741
S1_G02_R2_PICT0084.jpg,hyena,False,animal,animal,0.3193,f2efdae9-efb8-48fb-8a91-eccf79ab4ffb;no cv result;no cv result;no cv result;no cv result;no cv result;no cv result,unknown,0.988,classifier,1829,470,2309
S1_G02_R3_PICT0009.jpg,impala,False,animal,animal,0.9682,c134e0ab-cf96-45ec-bae6-60b94995f71b;mammalia;artiodactyla;bovidae;aepyceros;melampus;impala,impala,0.7431,classifier,1747,488,2247
S1_G02_R3_PICT0014.jpg,impala,False,animal,animal,0.9179,8cf3fce2-0078-4347-9e46-5324fd12f8ed;mammalia;artiodactyla;bovidae;;;bovidae family,bovidae family,0.9828,classifier+rollup_to_family,2408,487,2905
S1_G02_R3_PICT0079.jpg,buffalo,False,animal,animal,0.9668,9732cefb-6a08-49f6-b61e-b9a9054368c4;mammalia;artiodactyla;bovidae;syncerus;caffer;african buffalo,buffalo,0.9916,classifier,2112,373,2505
S1_G02_R3_PICT0158.jpg,impala,False,animal,animal,0.7865,c134e0ab-cf96-45ec-bae6-60b94995f71b;mammalia;artiodactyla;bovidae;aepyceros;melampus;impala,impala,0.6945,classifier,1890,393,2295
S1_G02_R3_PICT0210.jpg,impala,False,animal,animal,0.9837,c134e0ab-cf96-45ec-bae6-60b94995f71b;mammalia;artiodactyla;bovidae;aepyceros;melampus;impala,impala,0.9926,classifier,1845,441,2297
S1_G02_R3_PICT0213.jpg,impala,False,animal,animal,0.6486,1f689929-883d-4dae-958c-3d57ab5b6c16;;;;;;animal,animal,0.6486,detector,1866,461,2338
S1_G02_R3_PICT0238.jpg,hyena,False,empty,,,,,,,1789,,1800
S1_G02_R3_PICT0330.jpg,impala,False,animal,animal,0.9139,c134e0ab-cf96-45ec-bae6-60b94995f71b;mammalia;artiodactyla;bovidae;aepyceros;melampus;impala,impala,0.79,classifier,1718,523,2252
S1_G02_R4_PICT0081.jpg,empty,True,empty,,,,,,,1821,,1832
S1_G02_R4_PICT0135.jpg,impala,False,animal,animal,0.9509,c134e0ab-cf96-45ec-bae6-60b94995f71b;mammalia;artiodactyla;bovidae;aepyceros;melampus;impala,impala,0.8735,classifier,1746,433,2190
S1_G02_R4_PICT0255.jpg,buffalo,False,animal,animal,0.9614,9732cefb-6a08-49f6-b61e-b9a9054368c4;mammalia;artiodactyla;bovidae;syncerus;caffer;african buffalo,buffalo,0.9951,classifier,1811,449,2270
S1_G02_R4_PICT0260.jpg,buffalo,False,animal,animal,0.9372,9732cefb-6a08-49f6-b61e-b9a9054368c4;mammalia;artiodactyla;bovidae;syncerus;caffer;african buffalo,buffalo,0.9976,classifier,1863,458,2330
S1_G02_R4_PICT0267.jpg,buffalo,False,animal,animal,0.8318,9732cefb-6a08-49f6-b61e-b9a9054368c4;mammalia;artiodactyla;bovidae;syncerus;caffer;african buffalo,buffalo,0.7633,classifier,1742,470,2221
S1_G02_R4_PICT0423.jpg,wildebeest,False,animal,animal,0.9553,09fbf931-bbf0-4959-9df6-1082db578281;mammalia;artiodactyla;bovidae;connochaetes;taurinus;common wildebeest,wildebeest,0.9858,classifier,1866,478,2355
S1_G03_R1_PICT0009.jpg,empty,True,animal,animal,0.4929,f2efdae9-efb8-48fb-8a91-eccf79ab4ffb;no cv result;no cv result;no cv result;no cv result;no cv result;no cv result,unknown,0.8463,classifier,2229,571,2810
S1_G03_R2_PICT0041.jpg,buffalo,False,animal,animal,0.9464,9732cefb-6a08-49f6-b61e-b9a9054368c4;mammalia;artiodactyla;bovidae;syncerus;caffer;african buffalo,buffalo,0.9951,classifier,1878,427,2316
S1_G03_R3_PICT0142.jpg,empty,True,animal,animal,0.4072,f1856211-cfb7-4a5b-9158-c0f72fd09ee6;;;;;;blank,blank,0.9988,classifier,1833,493,2338
S1_G03_R3_PICT0200.jpg,empty,True,animal,animal,0.4272,f1856211-cfb7-4a5b-9158-c0f72fd09ee6;;;;;;blank,blank,0.9928,classifier,1702,362,2074
S1_G03_R3_PICT0357.jpg,empty,True,animal,animal,0.4464,f1856211-cfb7-4a5b-9158-c0f72fd09ee6;;;;;;blank,blank,0.9984,classifier,1896,441,2347
S1_G03_R3_PICT0921.jpg,buffalo,False,animal,animal,0.9517,9732cefb-6a08-49f6-b61e-b9a9054368c4;mammalia;artiodactyla;bovidae;syncerus;caffer;african buffalo,buffalo,0.9934,classifier,1730,434,2175
S1_G03_R3_PICT0976.jpg,empty,True,animal,animal,0.212,f1856211-cfb7-4a5b-9158-c0f72fd09ee6;;;;;;blank,blank,0.9991,classifier,1769,462,2241
S1_G03_R3_PICT1004.jpg,empty,True,animal,animal,0.2873,f1856211-cfb7-4a5b-9158-c0f72fd09ee6;;;;;;blank,blank,0.9982,classifier,1374,253,1643
S1_G03_R3_PICT1100.jpg,empty,True,animal,animal,0.2362,f1856211-cfb7-4a5b-9158-c0f72fd09ee6;;;;;;blank,blank,0.9975,classifier,1325,219,1554
S1_G03_R3_PICT1196.jpg,empty,True,animal,animal,0.3131,f1856211-cfb7-4a5b-9158-c0f72fd09ee6;;;;;;blank,blank,0.9982,classifier,1209,231,1448
S1_G03_R3_PICT1290.jpg,impala,False,animal,animal,0.9247,c134e0ab-cf96-45ec-bae6-60b94995f71b;mammalia;artiodactyla;bovidae;aepyceros;melampus;impala,impala,0.8506,classifier,1284,238,1532
S1_G03_R3_PICT1324.jpg,empty,True,animal,animal,0.2111,f2efdae9-efb8-48fb-8a91-eccf79ab4ffb;no cv result;no cv result;no cv result;no cv result;no cv result;no cv result,unknown,0.8893,classifier,1267,364,1641
S1_G03_R3_PICT1583.jpg,buffalo,False,animal,animal,0.7669,9732cefb-6a08-49f6-b61e-b9a9054368c4;mammalia;artiodactyla;bovidae;syncerus;caffer;african buffalo,buffalo,0.9281,classifier,1442,339,1790
S1_G03_R3_PICT1606.jpg,buffalo,False,animal,animal,0.9635,9732cefb-6a08-49f6-b61e-b9a9054368c4;mammalia;artiodactyla;bovidae;syncerus;caffer;african buffalo,buffalo,0.9859,classifier,1411,339,1761
S1_G03_R3_PICT1632.jpg,buffalo,False,animal,animal,0.7785,9732cefb-6a08-49f6-b61e-b9a9054368c4;mammalia;artiodactyla;bovidae;syncerus;caffer;african buffalo,buffalo,0.9922,classifier,1401,332,1744
S1_G03_R3_PICT1700.jpg,empty,True,animal,animal,0.2158,f1856211-cfb7-4a5b-9158-c0f72fd09ee6;;;;;;blank,blank,0.9985,classifier,1306,369,1685
S1_G03_R3_PICT1734.jpg,empty,True,animal,animal,0.2923,f1856211-cfb7-4a5b-9158-c0f72fd09ee6;;;;;;blank,blank,0.9989,classifier,1780,254,2066
S1_G03_R3_PICT2025.jpg,empty,True,animal,animal,0.3048,f1856211-cfb7-4a5b-9158-c0f72fd09ee6;;;;;;blank,blank,0.9991,classifier,1078,198,1284
S1_G03_R3_PICT2357.jpg,empty,True,empty,animal,0.1978,,,,,1062,,1078
S1_G03_R4_PICT0477.jpg,empty,True,empty,,,,,,,1075,,1084
S1_G03_R4_PICT0969.jpg,empty,True,empty,,,,,,,1152,,1161
S1_G03_R4_PICT1400.jpg,buffalo,False,animal,animal,0.8041,8cf3fce2-0078-4347-9e46-5324fd12f8ed;mammalia;artiodactyla;bovidae;;;bovidae family,bovidae family,0.9506,classifier+rollup_to_family,1071,207,1288
S1_G03_R4_PICT1413.jpg,empty,True,empty,,,,,,,1062,,1071
S1_G03_R4_PICT1440.jpg,empty,True,empty,,,,,,,1059,,1069
S1_G03_R4_PICT1446.jpg,empty,True,empty,animal,0.1758,,,,,1060,,1070
S1_G03_R4_PICT1787.jpg,empty,True,empty,animal,0.1948,,,,,1048,,1057
S1_G03_R4_PICT2112.jpg,empty,True,empty,,,,,,,1050,,1060
S1_G03_R4_PICT2158.jpg,empty,True,empty,,,,,,,1066,,1075
S1_G03_R4_PICT2449.jpg,empty,True,empty,,,,,,,1057,,1066
S1_G03_R4_PICT2906.jpg,empty,True,empty,animal,0.1296,,,,,1095,,1105
S1_G03_R4_PICT2970.jpg,giraffe,False,animal,animal,0.5462,2dca052b-dff5-4cc9-8072-1282c5713286;mammalia;artiodactyla;giraffidae;giraffa;camelopardalis;giraffe,giraffe,0.9989,classifier,1055,197,1261
S1_G04_R1_PICT0154.jpg,empty,True,empty,,,,,,,1092,,1100
S1_G04_R1_PICT0462.jpg,empty,True,empty,,,,,,,1076,,1085
S1_G04_R1_PICT0650.jpg,empty,True,empty,,,,,,,1396,,1409
S1_G04_R1_PICT0986.jpg,empty,True,empty,,,,,,,1267,,1278
S1_G04_R1_PICT1393.jpg,giraffe,False,animal,animal,0.9322,2dca052b-dff5-4cc9-8072-1282c5713286;mammalia;artiodactyla;giraffidae;giraffa;camelopardalis;giraffe,giraffe,0.9949,classifier,1320,430,1759
S1_G04_R1_PICT1752.jpg,empty,True,empty,,,,,,,1386,,1397
S1_G04_R1_PICT1844.jpg,empty,True,empty,,,,,,,1985,,1999
S1_G04_R1_PICT1991.jpg,empty,True,empty,,,,,,,1740,,1754
S1_G04_R1_PICT2040.jpg,empty,True,empty,,,,,,,1887,,1897
S1_G04_R1_PICT2137.jpg,empty,True,empty,,,,,,,1740,,1751
S1_G05_R1_PICT0052.jpg,empty,True,animal,animal,0.7869,1f689929-883d-4dae-958c-3d57ab5b6c16;;;;;;animal,animal,0.7869,detector,1763,565,2339
S1_G05_R2_PICT0057.jpg,giraffe,False,animal,animal,0.9689,2dca052b-dff5-4cc9-8072-1282c5713286;mammalia;artiodactyla;giraffidae;giraffa;camelopardalis;giraffe,giraffe,0.9721,classifier,1777,490,2276
S1_G05_R2_PICT0067.jpg,giraffe,False,animal,animal,0.975,2dca052b-dff5-4cc9-8072-1282c5713286;mammalia;artiodactyla;giraffidae;giraffa;camelopardalis;giraffe,giraffe,0.9844,classifier,1906,465,2379
S1_G06_R1_PICT0009.jpg,empty,True,empty,,,,,,,1716,,1726
S1_G06_R1_PICT0188.jpg,empty,True,empty,,,,,,,2074,,2085
S1_G06_R1_PICT0216.jpg,empty,True,empty,,,,,,,1725,,1747
S1_G06_R3_PICT0010.jpg,empty,True,animal,animal,0.4809,f2efdae9-efb8-48fb-8a91-eccf79ab4ffb;no cv result;no cv result;no cv result;no cv result;no cv result;no cv result,unknown,0.7573,classifier,1424,348,1784
S1_G06_R3_PICT0425.jpg,wildebeest,False,animal,animal,0.8966,9732cefb-6a08-49f6-b61e-b9a9054368c4;mammalia;artiodactyla;bovidae;syncerus;caffer;african buffalo,buffalo,0.8953,classifier,1356,203,1569
S1_G06_R3_PICT0502.jpg,empty,True,empty,,,,,,,1108,,1119
S1_G06_R3_PICT0626.jpg,empty,True,empty,,,,,,,1059,,1074
S1_G06_R3_PICT0730.jpg,empty,True,empty,,,,,,,1069,,1079
S1_G07_R1_PICT0036.jpg,elephant,False,animal,animal,0.9401,55631055-3e0e-4b7a-9612-dedebe9f78b0;mammalia;proboscidea;elephantidae;loxodonta;africana;african elephant,elephant,0.9937,classifier,1040,233,1283
S1_G07_R1_PICT0200.jpg,empty,True,empty,,,,,,,1047,,1057
S1_G07_R2_PICT0149.jpg,zebra,False,animal,animal,0.8998,dd39bbd5-077c-482e-9d33-bd176116c870;mammalia;perissodactyla;equidae;equus;quagga;plains zebra,zebra,0.9538,classifier,1066,199,1274
S1_G07_R2_PICT0185.jpg,wildebeest,False,animal,animal,0.7769,9732cefb-6a08-49f6-b61e-b9a9054368c4;mammalia;artiodactyla;bovidae;syncerus;caffer;african buffalo,buffalo,0.9225,classifier,1128,196,1332
S1_G07_R2_PICT0192.jpg,buffalo,False,animal,animal,0.9635,9732cefb-6a08-49f6-b61e-b9a9054368c4;mammalia;artiodactyla;bovidae;syncerus;caffer;african buffalo,buffalo,0.9551,classifier,1098,197,1305
S1_G07_R2_PICT0248.jpg,empty,True,empty,,,,,,,1406,,1415
S1_G07_R2_PICT0277.jpg,empty,True,empty,,,,,,,1632,,1642
S1_G07_R2_PICT0613.jpg,elephant,False,animal,animal,0.953,55631055-3e0e-4b7a-9612-dedebe9f78b0;mammalia;proboscidea;elephantidae;loxodonta;africana;african elephant,elephant,0.9964,classifier,1439,315,1772
S1_G07_R2_PICT0694.jpg,empty,True,empty,,,,,,,1404,,1425
S1_G07_R3_PICT0075.jpg,empty,True,empty,,,,,,,1781,,1791
S1_G07_R3_PICT0244.jpg,empty,True,empty,,,,,,,1914,,1926
S1_G08_R1_PICT0101.jpg,empty,True,empty,,,,,,,1682,,1692
S1_G09_R1_PICT0278.jpg,empty,True,empty,,,,,,,1885,,1895
S1_G09_R1_PICT0350.jpg,empty,True,empty,,,,,,,1722,,1732
S1_G09_R1_PICT0448.jpg,empty,True,empty,,,,,,,1875,,1888
S1_G09_R1_PICT1110.jpg,empty,True,empty,,,,,,,1787,,1797
S1_G09_R1_PICT1464.jpg,zebra,False,animal,animal,0.8437,dd39bbd5-077c-482e-9d33-bd176116c870;mammalia;perissodactyla;equidae;equus;quagga;plains zebra,zebra,0.9512,classifier,1776,561,2347
S1_G09_R1_PICT1696.jpg,empty,True,empty,,,,,,,1741,,1751
S1_G09_R1_PICT1963.jpg,empty,True,empty,,,,,,,1852,,1865
S1_G09_R1_PICT2358.jpg,empty,True,empty,,,,,,,1742,,1755
S1_G09_R1_PICT2595.jpg,empty,True,empty,,,,,,,1814,,1825
S1_G09_R1_PICT3737.jpg,empty,True,empty,,,,,,,1795,,1807
S1_G10_R1_PICT0415.jpg,elephant,False,animal,animal,0.3556,f2d233e3-80e3-433d-9687-e29ecc7a467a;mammalia;;;;;mammal,mammal,0.8751,classifier+rollup_to_class,1821,530,2361
S1_G10_R1_PICT0681.jpg,empty,True,animal,animal,0.7622,1f689929-883d-4dae-958c-3d57ab5b6c16;;;;;;animal,animal,0.7622,detector,1691,303,2004
S1_G10_R1_PICT0693.jpg,warthog,False,animal,animal,0.8516,ccd7d6d7-8eb2-4fdb-a6d6-f1970847e449;mammalia;artiodactyla;suidae;phacochoerus;africanus;common warthog,warthog,0.9735,classifier,1856,435,2301
S1_G10_R1_PICT1114.jpg,empty,True,empty,,,,,,,1739,,1749
S1_G10_R1_PICT1139.jpg,empty,True,animal,animal,0.7484,30015f2a-5598-461d-bc33-1eb2cef56f1a;aves;galliformes;numididae;;;guineafowl family,guineafowl family,0.935,classifier,1830,447,2288
S1_G11_R1_PICT0496.jpg,empty,True,empty,,,,,,,1907,,1917
S1_G11_R1_PICT0686.jpg,empty,True,empty,,,,,,,1796,,1817
S1_G11_R1_PICT0816.jpg,empty,True,empty,,,,,,,1651,,1661
S1_G11_R1_PICT0886.jpg,empty,True,empty,,,,,,,1298,,1310
S1_G11_R1_PICT1170.jpg,empty,True,empty,,,,,,,1353,,1362
S1_G11_R1_PICT1616.jpg,empty,True,empty,,,,,,,1185,,1194
S1_G11_R1_PICT1770.jpg,empty,True,empty,,,,,,,1329,,1339
S1_G11_R1_PICT1836.jpg,empty,True,empty,,,,,,,1417,,1427
S1_G11_R1_PICT3512.jpg,empty,True,empty,,,,,,,1915,,1943
S1_G11_R1_PICT3731.jpg,empty,True,empty,,,,,,,1753,,1763
S1_G11_R1_PICT3919.jpg,empty,True,empty,,,,,,,1793,,1803
S1_G11_R1_PICT4077.jpg,empty,True,empty,,,,,,,1912,,1923
S1_G11_R1_PICT5394.jpg,empty,True,empty,,,,,,,2188,,2201
S1_G11_R1_PICT6078.jpg,empty,True,empty,,,,,,,1904,,1930
S1_G12_R1_PICT0128.jpg,empty,True,empty,,,,,,,1775,,1784
S1_G12_R1_PICT0559.jpg,empty,True,empty,,,,,,,1907,,1923
S1_G12_R1_PICT1099.jpg,empty,True,empty,,,,,,,1822,,1833
S1_G12_R1_PICT1254.jpg,empty,True,empty,,,,,,,2033,,2044
S1_G12_R1_PICT1258.jpg,empty,True,empty,,,,,,,1648,,1662
S1_G12_R1_PICT1300.jpg,empty,True,empty,,,,,,,1889,,1899
S1_G12_R1_PICT1309.jpg,empty,True,empty,,,,,,,1758,,1769
S1_G12_R1_PICT1424.jpg,empty,True,empty,,,,,,,1780,,1790
S1_G12_R1_PICT1593.jpg,empty,True,empty,,,,,,,1749,,1759
S1_G12_R1_PICT1666.jpg,empty,True,empty,,,,,,,1728,,1741
S1_G12_R1_PICT1755.jpg,empty,True,empty,,,,,,,1785,,1796
S1_G12_R1_PICT1759.jpg,empty,True,empty,,,,,,,1793,,1805
S1_G12_R1_PICT2197.jpg,empty,True,empty,,,,,,,1832,,1851
S1_G12_R1_PICT2531.jpg,empty,True,empty,,,,,,,1911,,1920
S1_G12_R1_PICT2707.jpg,empty,True,empty,,,,,,,1869,,1880
S1_G12_R1_PICT3284.jpg,empty,True,empty,,,,,,,1701,,1711
S1_G12_R1_PICT3327.jpg,empty,True,empty,,,,,,,1574,,1600
S1_G12_R1_PICT3395.jpg,empty,True,empty,,,,,,,1093,,1116
S1_G12_R1_PICT3506.jpg,empty,True,empty,,,,,,,1091,,1107
S1_G12_R1_PICT3742.jpg,empty,True,empty,,,,,,,1103,,1113
S1_G12_R1_PICT3878.jpg,empty,True,empty,,,,,,,1112,,1124
S1_G12_R1_PICT4902.jpg,empty,True,empty,,,,,,,1048,,1058
S1_G12_R1_PICT5083.jpg,empty,True,empty,,,,,,,1091,,1101
S1_G12_R1_PICT5398.jpg,elephant,False,animal,animal,0.9059,55631055-3e0e-4b7a-9612-dedebe9f78b0;mammalia;proboscidea;elephantidae;loxodonta;africana;african elephant,elephant,0.9964,classifier,1072,255,1337
S1_G12_R1_PICT5422.jpg,elephant,False,animal,animal,0.9304,55631055-3e0e-4b7a-9612-dedebe9f78b0;mammalia;proboscidea;elephantidae;loxodonta;africana;african elephant,elephant,0.9836,classifier,1077,195,1282
S1_G12_R1_PICT5425.jpg,elephant,False,animal,animal,0.8651,55631055-3e0e-4b7a-9612-dedebe9f78b0;mammalia;proboscidea;elephantidae;loxodonta;africana;african elephant,elephant,0.9862,classifier,1066,195,1271
S1_H01_R1_PICT0262.jpg,empty,True,empty,,,,,,,1050,,1059
S1_H01_R1_PICT0359.jpg,empty,True,empty,,,,,,,1069,,1079
S1_H01_R1_PICT0516.jpg,empty,True,empty,,,,,,,1068,,1078
S1_H01_R1_PICT1754.jpg,hyena,False,animal,animal,0.8741,2e5b35a8-563f-4372-9f32-cb869448c88a;mammalia;carnivora;hyaenidae;hyaena;hyaena;striped hyaena,hyena,0.6888,classifier,1108,203,1321
S1_H01_R1_PICT1950.jpg,empty,True,empty,animal,0.1905,,,,,1094,,1104
S1_H01_R1_PICT2155.jpg,zebra,False,animal,animal,0.875,dd39bbd5-077c-482e-9d33-bd176116c870;mammalia;perissodactyla;equidae;equus;quagga;plains zebra,zebra,0.9724,classifier,1051,195,1255
S1_H01_R1_PICT2350.jpg,zebra,False,animal,animal,0.8755,dd39bbd5-077c-482e-9d33-bd176116c870;mammalia;perissodactyla;equidae;equus;quagga;plains zebra,zebra,0.968,classifier,1058,199,1266
S1_H01_R1_PICT2616.jpg,impala,False,animal,animal,0.9501,c134e0ab-cf96-45ec-bae6-60b94995f71b;mammalia;artiodactyla;bovidae;aepyceros;melampus;impala,impala,0.8668,classifier,1259,207,1476
S1_H01_R1_PICT2832.jpg,zebra,False,animal,animal,0.9698,dd39bbd5-077c-482e-9d33-bd176116c870;mammalia;perissodactyla;equidae;equus;quagga;plains zebra,zebra,0.9739,classifier,1086,195,1292
S1_H01_R1_PICT2843.jpg,zebra,False,animal,animal,0.8193,dd39bbd5-077c-482e-9d33-bd176116c870;mammalia;perissodactyla;equidae;equus;quagga;plains zebra,zebra,0.8145,classifier,1061,209,1280
S1_H01_R1_PICT3019.jpg,empty,True,empty,,,,,,,1072,,1082
S1_H01_R1_PICT3031.jpg,zebra,False,empty,,,,,,,1076,,1085
S1_H01_R1_PICT3036.jpg,hyena,False,animal,animal,0.96,dce8d520-a3f6-4ed7-a434-bfe98f81a03d;mammalia;carnivora;hyaenidae;crocuta;crocuta;spotted hyaena,hyena,0.997,classifier,1136,197,1342
S1_H01_R1_PICT3094.jpg,zebra,False,animal,animal,0.9633,dd39bbd5-077c-482e-9d33-bd176116c870;mammalia;perissodactyla;equidae;equus;quagga;plains zebra,zebra,0.9939,classifier,1345,240,1595
S1_H02_R1_PICT0120.jpg,warthog,False,animal,animal,0.94,ccd7d6d7-8eb2-4fdb-a6d6-f1970847e449;mammalia;artiodactyla;suidae;phacochoerus;africanus;common warthog,warthog,0.9828,classifier,1144,212,1366
S1_H02_R1_PICT0316.jpg,empty,True,empty,,,,,,,1065,,1076
S1_H02_R1_PICT0542.jpg,zebra,False,animal,animal,0.9227,dd39bbd5-077c-482e-9d33-bd176116c870;mammalia;perissodactyla;equidae;equus;quagga;plains zebra,zebra,0.9574,classifier,1085,215,1309
S1_H02_R1_PICT0554.jpg,zebra,False,animal,animal,0.9477,dd39bbd5-077c-482e-9d33-bd176116c870;mammalia;perissodactyla;equidae;equus;quagga;plains zebra,zebra,0.9534,classifier,1080,196,1285
S1_H02_R1_PICT0955.jpg,zebra,False,animal,animal,0.9405,dd39bbd5-077c-482e-9d33-bd176116c870;mammalia;perissodactyla;equidae;equus;quagga;plains zebra,zebra,0.9895,classifier,1124,216,1350
S1_H02_R1_PICT1124.jpg,zebra,False,animal,animal,0.9558,dd39bbd5-077c-482e-9d33-bd176116c870;mammalia;perissodactyla;equidae;equus;quagga;plains zebra,zebra,0.9137,classifier,1098,197,1304
S1_H02_R2_PICT0144.jpg,hyena,False,animal,animal,0.9264,dce8d520-a3f6-4ed7-a434-bfe98f81a03d;mammalia;carnivora;hyaenidae;crocuta;crocuta;spotted hyaena,hyena,0.9949,classifier,1050,226,1286
S1_H02_R2_PICT0161.jpg,giraffe,False,empty,,,,,,,1053,,1062
S1_H02_R2_PICT0191.jpg,wildebeest,False,animal,animal,0.7146,09fbf931-bbf0-4959-9df6-1082db578281;mammalia;artiodactyla;bovidae;connochaetes;taurinus;common wildebeest,wildebeest,0.9579,classifier,1053,199,1261
S1_H02_R2_PICT0333.jpg,zebra,False,animal,animal,0.9403,dd39bbd5-077c-482e-9d33-bd176116c870;mammalia;perissodactyla;equidae;equus;quagga;plains zebra,zebra,0.9728,classifier,1088,207,1305
S1_H02_R2_PICT0360.jpg,wildebeest,False,empty,,,,,,,1067,,1077
S1_H02_R2_PICT0368.jpg,zebra,False,animal,animal,0.9299,dd39bbd5-077c-482e-9d33-bd176116c870;mammalia;perissodactyla;equidae;equus;quagga;plains zebra,zebra,0.9613,classifier,1052,196,1257
S1_H02_R2_PICT0585.jpg,wildebeest,False,animal,animal,0.8094,09fbf931-bbf0-4959-9df6-1082db578281;mammalia;artiodactyla;bovidae;connochaetes;taurinus;common wildebeest,wildebeest,0.9221,classifier,1100,210,1321
S1_H02_R2_PICT0589.jpg,wildebeest,False,animal,animal,0.9425,09fbf931-bbf0-4959-9df6-1082db578281;mammalia;artiodactyla;bovidae;connochaetes;taurinus;common wildebeest,wildebeest,0.9568,classifier,1068,196,1273
S1_H02_R2_PICT0596.jpg,wildebeest,False,animal,animal,0.8008,09fbf931-bbf0-4959-9df6-1082db578281;mammalia;artiodactyla;bovidae;connochaetes;taurinus;common wildebeest,wildebeest,0.9598,classifier,1244,222,1475
S1_H02_R2_PICT0600.jpg,wildebeest,False,animal,animal,0.9305,09fbf931-bbf0-4959-9df6-1082db578281;mammalia;artiodactyla;bovidae;connochaetes;taurinus;common wildebeest,wildebeest,0.9925,classifier,1097,204,1311
S1_H02_R2_PICT0610.jpg,wildebeest,False,animal,animal,0.9376,09fbf931-bbf0-4959-9df6-1082db578281;mammalia;artiodactyla;bovidae;connochaetes;taurinus;common wildebeest,wildebeest,0.9789,classifier,1074,195,1279
S1_H02_R2_PICT0668.jpg,wildebeest,False,animal,animal,0.9619,09fbf931-bbf0-4959-9df6-1082db578281;mammalia;artiodactyla;bovidae;connochaetes;taurinus;common wildebeest,wildebeest,0.9874,classifier,1077,196,1282
S1_H02_R2_PICT0712.jpg,wildebeest,False,animal,animal,0.9425,09fbf931-bbf0-4959-9df6-1082db578281;mammalia;artiodactyla;bovidae;connochaetes;taurinus;common wildebeest,wildebeest,0.9833,classifier,1059,198,1265
S1_H02_R2_PICT0733.jpg,wildebeest,False,animal,animal,0.9595,09fbf931-bbf0-4959-9df6-1082db578281;mammalia;artiodactyla;bovidae;connochaetes;taurinus;common wildebeest,wildebeest,0.9563,classifier,1060,196,1265
S1_H02_R2_PICT0761.jpg,wildebeest,False,animal,animal,0.7901,09fbf931-bbf0-4959-9df6-1082db578281;mammalia;artiodactyla;bovidae;connochaetes;taurinus;common wildebeest,wildebeest,0.8561,classifier,1143,197,1350
S1_H02_R2_PICT0769.jpg,zebra,False,animal,animal,0.8717,dd39bbd5-077c-482e-9d33-bd176116c870;mammalia;perissodactyla;equidae;equus;quagga;plains zebra,zebra,0.9793,classifier,1403,611,2024
S1_H02_R2_PICT0830.jpg,zebra,False,animal,animal,0.8302,dd39bbd5-077c-482e-9d33-bd176116c870;mammalia;perissodactyla;equidae;equus;quagga;plains zebra,zebra,0.9874,classifier,1385,217,1622
S1_H02_R2_PICT0867.jpg,zebra,False,animal,animal,0.9069,dd39bbd5-077c-482e-9d33-bd176116c870;mammalia;perissodactyla;equidae;equus;quagga;plains zebra,zebra,0.9962,classifier,1096,207,1313
S1_H02_R2_PICT0879.jpg,zebra,False,animal,animal,0.9442,dd39bbd5-077c-482e-9d33-bd176116c870;mammalia;perissodactyla;equidae;equus;quagga;plains zebra,zebra,0.9741,classifier,1053,207,1270
S1_H02_R2_PICT1132.jpg,giraffe,False,animal,animal,0.9465,2dca052b-dff5-4cc9-8072-1282c5713286;mammalia;artiodactyla;giraffidae;giraffa;camelopardalis;giraffe,giraffe,0.9943,classifier,1090,199,1298
S1_H03_R1_PICT0417.jpg,giraffe,False,animal,animal,0.8462,2dca052b-dff5-4cc9-8072-1282c5713286;mammalia;artiodactyla;giraffidae;giraffa;camelopardalis;giraffe,giraffe,0.9913,classifier,1072,198,1279
S1_H03_R1_PICT0431.jpg,buffalo,False,animal,animal,0.7553,9732cefb-6a08-49f6-b61e-b9a9054368c4;mammalia;artiodactyla;bovidae;syncerus;caffer;african buffalo,buffalo,0.9786,classifier,1176,207,1392
S1_H03_R1_PICT0890.jpg,elephant,False,animal,animal,0.9591,55631055-3e0e-4b7a-9612-dedebe9f78b0;mammalia;proboscidea;elephantidae;loxodonta;africana;african elephant,elephant,0.9993,classifier,1094,208,1311
S1_H03_R1_PICT1156.jpg,empty,True,empty,,,,,,,1048,,1057
S1_H03_R2_PICT0084.jpg,elephant,False,animal,animal,0.9521,55631055-3e0e-4b7a-9612-dedebe9f78b0;mammalia;proboscidea;elephantidae;loxodonta;africana;african elephant,elephant,0.9987,classifier,1058,201,1268
S1_H03_R2_PICT0163.jpg,wildebeest,False,animal,animal,0.6948,9732cefb-6a08-49f6-b61e-b9a9054368c4;mammalia;artiodactyla;bovidae;syncerus;caffer;african buffalo,buffalo,0.7072,classifier,1054,195,1258
S1_H04_R2_PICT0002.jpg,empty,True,animal,animal,0.3527,d126f0ec-82dd-46f0-b76a-5985ff6bbc9b;mammalia;primates;hominidae;homo;;human,human,0.7025,classifier+rollup_to_genus,1048,197,1254
S1_H04_R3_PICT0121.jpg,empty,True,empty,,,,,,,1056,,1065
S1_H04_R3_PICT0572.jpg,empty,True,empty,,,,,,,1049,,1057
S1_H04_R3_PICT1422.jpg,empty,True,empty,,,,,,,1098,,1108
S1_H04_R3_PICT1569.jpg,empty,True,empty,,,,,,,1097,,1107
S1_H04_R3_PICT1658.jpg,empty,True,empty,,,,,,,1066,,1076
S1_H04_R3_PICT1667.jpg,empty,True,empty,,,,,,,1041,,1050
S1_H04_R3_PICT1947.jpg,empty,True,empty,,,,,,,1057,,1067
S1_H04_R3_PICT2044.jpg,empty,True,empty,,,,,,,1058,,1067
S1_H04_R3_PICT2161.jpg,empty,True,empty,,,,,,,1075,,1084
S1_H04_R3_PICT2204.jpg,empty,True,empty,,,,,,,1044,,1054
S1_H04_R3_PICT2488.jpg,giraffe,False,animal,animal,0.7761,2dca052b-dff5-4cc9-8072-1282c5713286;mammalia;artiodactyla;giraffidae;giraffa;camelopardalis;giraffe,giraffe,0.8958,classifier,1061,196,1266
S1_H04_R3_PICT2655.jpg,empty,True,empty,,,,,,,1078,,1087
S1_H04_R3_PICT2693.jpg,empty,True,empty,animal,0.1042,,,,,1078,,1088
S1_H04_R3_PICT2730.jpg,empty,True,animal,animal,0.2384,f2efdae9-efb8-48fb-8a91-eccf79ab4ffb;no cv result;no cv result;no cv result;no cv result;no cv result;no cv result,unknown,0.9886,classifier,1100,208,1317
S1_H04_R3_PICT3038.jpg,empty,True,empty,,,,,,,1167,,1176
S1_H05_R1_PICT0081.jpg,empty,True,empty,,,,,,,1103,,1112
S1_H05_R2_PICT0065.jpg,giraffe,False,animal,animal,0.8917,2dca052b-dff5-4cc9-8072-1282c5713286;mammalia;artiodactyla;giraffidae;giraffa;camelopardalis;giraffe,giraffe,0.9668,classifier,1055,195,1260
S1_H05_R2_PICT0070.jpg,giraffe,False,animal,animal,0.9533,2dca052b-dff5-4cc9-8072-1282c5713286;mammalia;artiodactyla;giraffidae;giraffa;camelopardalis;giraffe,giraffe,0.9896,classifier,1061,196,1266
S1_H05_R2_PICT0268.jpg,empty,True,empty,,,,,,,1086,,1095
S1_H05_R2_PICT0518.jpg,gazelle,False,animal,animal,0.9589,dc5dbe17-a8ca-40a6-ac6a-3b6b1d63e6d6;mammalia;artiodactyla;bovidae;eudorcas;thomsonii;thomson's gazelle,gazelle,0.9953,classifier,1089,228,1325
S1_H05_R2_PICT0796.jpg,empty,True,animal,animal,0.6665,1f689929-883d-4dae-958c-3d57ab5b6c16;;;;;;animal,animal,0.6665,detector,1121,203,1333
S1_H05_R2_PICT0858.jpg,empty,True,animal,animal,0.5861,1f689929-883d-4dae-958c-3d57ab5b6c16;;;;;;animal,animal,0.5861,detector,1065,195,1269
S1_H05_R2_PICT0900.jpg,gazelle,False,animal,animal,0.8542,dc5dbe17-a8ca-40a6-ac6a-3b6b1d63e6d6;mammalia;artiodactyla;bovidae;eudorcas;thomsonii;thomson's gazelle,gazelle,0.6728,classifier,1059,196,1265
S1_H06_R1_PICT0039.jpg,hyena,False,animal,animal,0.8461,dce8d520-a3f6-4ed7-a434-bfe98f81a03d;mammalia;carnivora;hyaenidae;crocuta;crocuta;spotted hyaena,hyena,0.9388,classifier,1051,204,1264
S1_H06_R1_PICT0085.jpg,hyena,False,animal,animal,0.876,dce8d520-a3f6-4ed7-a434-bfe98f81a03d;mammalia;carnivora;hyaenidae;crocuta;crocuta;spotted hyaena,hyena,0.997,classifier,1051,196,1257
S1_H06_R1_PICT0099.jpg,hyena,False,animal,animal,0.9677,dce8d520-a3f6-4ed7-a434-bfe98f81a03d;mammalia;carnivora;hyaenidae;crocuta;crocuta;spotted hyaena,hyena,0.9993,classifier,1050,197,1256
S1_H06_R2_PICT0032.jpg,empty,True,animal,animal,0.8026,dce8d520-a3f6-4ed7-a434-bfe98f81a03d;mammalia;carnivora;hyaenidae;crocuta;crocuta;spotted hyaena,hyena,0.7467,classifier,1062,195,1265
S1_H06_R3_PICT0032.jpg,empty,True,animal,animal,0.8373,dce8d520-a3f6-4ed7-a434-bfe98f81a03d;mammalia;carnivora;hyaenidae;crocuta;crocuta;spotted hyaena,hyena,0.9705,classifier,1082,202,1294
S1_H06_R3_PICT0079.jpg,hyena,False,animal,animal,0.9103,dce8d520-a3f6-4ed7-a434-bfe98f81a03d;mammalia;carnivora;hyaenidae;crocuta;crocuta;spotted hyaena,hyena,0.9949,classifier,1123,202,1335
S1_H06_R3_PICT0126.jpg,hyena,False,animal,animal,0.9095,dce8d520-a3f6-4ed7-a434-bfe98f81a03d;mammalia;carnivora;hyaenidae;crocuta;crocuta;spotted hyaena,hyena,0.9912,classifier,1042,197,1250
S1_H06_R3_PICT0133.jpg,hyena,False,animal,animal,0.4862,eeeb5d26-2a47-4d01-a3de-10b33ec0aee4;mammalia;carnivora;;;;carnivorous mammal,carnivorous mammal,0.6944,classifier+rollup_to_order,1074,197,1280
S1_H06_R3_PICT0166.jpg,hyena,False,animal,animal,0.9705,dce8d520-a3f6-4ed7-a434-bfe98f81a03d;mammalia;carnivora;hyaenidae;crocuta;crocuta;spotted hyaena,hyena,0.9991,classifier,1045,197,1251
S1_H06_R3_PICT0175.jpg,hyena,False,animal,animal,0.8092,dce8d520-a3f6-4ed7-a434-bfe98f81a03d;mammalia;carnivora;hyaenidae;crocuta;crocuta;spotted hyaena,hyena,0.9987,classifier,1081,197,1288
S1_H06_R3_PICT0178.jpg,hyena,False,animal,animal,0.8807,dce8d520-a3f6-4ed7-a434-bfe98f81a03d;mammalia;carnivora;hyaenidae;crocuta;crocuta;spotted hyaena,hyena,0.9915,classifier,1059,194,1263
S1_H06_R3_PICT0234.jpg,hyena,False,animal,animal,0.97,dce8d520-a3f6-4ed7-a434-bfe98f81a03d;mammalia;carnivora;hyaenidae;crocuta;crocuta;spotted hyaena,hyena,0.9982,classifier,1048,195,1253
S1_H06_R3_PICT0237.jpg,hyena,False,animal,animal,0.9732,dce8d520-a3f6-4ed7-a434-bfe98f81a03d;mammalia;carnivora;hyaenidae;crocuta;crocuta;spotted hyaena,hyena,0.9976,classifier,1085,200,1295
S1_H06_R3_PICT0314.jpg,hyena,False,animal,animal,0.9788,dce8d520-a3f6-4ed7-a434-bfe98f81a03d;mammalia;carnivora;hyaenidae;crocuta;crocuta;spotted hyaena,hyena,0.9994,classifier,1098,224,1333
S1_H06_R3_PICT0360.jpg,empty,True,empty,,,,,,,1055,,1064
S1_H06_R3_PICT0706.jpg,hyena,False,animal,animal,0.8317,dce8d520-a3f6-4ed7-a434-bfe98f81a03d;mammalia;carnivora;hyaenidae;crocuta;crocuta;spotted hyaena,hyena,0.9054,classifier,1059,196,1264
S1_H06_R3_PICT0714.jpg,hyena,False,animal,animal,0.9462,dce8d520-a3f6-4ed7-a434-bfe98f81a03d;mammalia;carnivora;hyaenidae;crocuta;crocuta;spotted hyaena,hyena,0.9886,classifier,1038,196,1243
S1_H06_R3_PICT1067.jpg,hyena,False,animal,animal,0.9657,dce8d520-a3f6-4ed7-a434-bfe98f81a03d;mammalia;carnivora;hyaenidae;crocuta;crocuta;spotted hyaena,hyena,0.9985,classifier,1061,201,1272
S1_H06_R4_PICT0065.jpg,gazelle,False,animal,animal,0.9763,dc5dbe17-a8ca-40a6-ac6a-3b6b1d63e6d6;mammalia;artiodactyla;bovidae;eudorcas;thomsonii;thomson's gazelle,gazelle,0.9932,classifier,1041,212,1262
S1_H06_R4_PICT0204.jpg,gazelle,False,animal,animal,0.9622,dc5dbe17-a8ca-40a6-ac6a-3b6b1d63e6d6;mammalia;artiodactyla;bovidae;eudorcas;thomsonii;thomson's gazelle,gazelle,0.9904,classifier,1065,195,1269
S1_H06_R4_PICT0305.jpg,hyena,False,animal,animal,0.9658,dce8d520-a3f6-4ed7-a434-bfe98f81a03d;mammalia;carnivora;hyaenidae;crocuta;crocuta;spotted hyaena,hyena,0.9992,classifier,1079,204,1293
S1_H06_R4_PICT0549.jpg,warthog,False,animal,animal,0.9664,ccd7d6d7-8eb2-4fdb-a6d6-f1970847e449;mammalia;artiodactyla;suidae;phacochoerus;africanus;common warthog,warthog,0.9805,classifier,1077,195,1281
S1_H06_R4_PICT0811.jpg,hyena,False,animal,animal,0.9687,dce8d520-a3f6-4ed7-a434-bfe98f81a03d;mammalia;carnivora;hyaenidae;crocuta;crocuta;spotted hyaena,hyena,0.9995,classifier,1057,195,1261
S1_H06_R4_PICT0962.jpg,hyena,False,animal,animal,0.98,dce8d520-a3f6-4ed7-a434-bfe98f81a03d;mammalia;carnivora;hyaenidae;crocuta;crocuta;spotted hyaena,hyena,0.9979,classifier,1048,196,1253
S1_H06_R4_PICT1105.jpg,warthog,False,animal,animal,0.9217,ccd7d6d7-8eb2-4fdb-a6d6-f1970847e449;mammalia;artiodactyla;suidae;phacochoerus;africanus;common warthog,warthog,0.9876,classifier,1046,197,1252
S1_H06_R4_PICT1115.jpg,empty,True,empty,,,,,,,1059,,1067
S1_H06_R4_PICT1282.jpg,warthog,False,animal,animal,0.9452,ccd7d6d7-8eb2-4fdb-a6d6-f1970847e449;mammalia;artiodactyla;suidae;phacochoerus;africanus;common warthog,warthog,0.9928,classifier,1037,196,1243
S1_H06_R4_PICT1378.jpg,lion,False,animal,animal,0.9761,ddf59264-185a-4d35-b647-2785792bdf54;mammalia;carnivora;felidae;panthera;leo;lion,lion,0.9995,classifier,1055,196,1261
S1_H06_R4_PICT1394.jpg,lion,False,animal,animal,0.8488,c58da361-68da-477b-b5e9-da668d18ec7b;mammalia;primates;cercopithecidae;papio;;baboon species,baboon,0.8296,classifier,1091,239,1339
S1_H06_R4_PICT1415.jpg,lion,False,animal,animal,0.908,ddf59264-185a-4d35-b647-2785792bdf54;mammalia;carnivora;felidae;panthera;leo;lion,lion,0.8766,classifier,1163,212,1383
S1_H06_R4_PICT1440.jpg,lion,False,animal,animal,0.8807,ddf59264-185a-4d35-b647-2785792bdf54;mammalia;carnivora;felidae;panthera;leo;lion,lion,0.9861,classifier,1166,194,1369
S1_H06_R4_PICT1455.jpg,lion,False,animal,animal,0.8787,ddf59264-185a-4d35-b647-2785792bdf54;mammalia;carnivora;felidae;panthera;leo;lion,lion,0.9986,classifier,1045,205,1259
S1_H07_R1_PICT0098.jpg,hyena,False,animal,animal,0.9735,dce8d520-a3f6-4ed7-a434-bfe98f81a03d;mammalia;carnivora;hyaenidae;crocuta;crocuta;spotted hyaena,hyena,0.9974,classifier,1054,196,1260
S1_H07_R1_PICT0106.jpg,empty,True,animal,animal,0.3064,f1856211-cfb7-4a5b-9158-c0f72fd09ee6;;;;;;blank,blank,0.9985,classifier,1056,196,1261
S1_H07_R1_PICT0289.jpg,gazelle,False,animal,animal,0.9214,dc5dbe17-a8ca-40a6-ac6a-3b6b1d63e6d6;mammalia;artiodactyla;bovidae;eudorcas;thomsonii;thomson's gazelle,gazelle,0.9804,classifier,1047,196,1252
S1_H07_R1_PICT0355.jpg,warthog,False,animal,animal,0.9067,ccd7d6d7-8eb2-4fdb-a6d6-f1970847e449;mammalia;artiodactyla;suidae;phacochoerus;africanus;common warthog,warthog,0.9604,classifier,1065,197,1270
S1_H07_R1_PICT0390.jpg,warthog,False,animal,animal,0.9764,ccd7d6d7-8eb2-4fdb-a6d6-f1970847e449;mammalia;artiodactyla;suidae;phacochoerus;africanus;common warthog,warthog,0.9792,classifier,1102,199,1310
S1_H07_R1_PICT0395.jpg,empty,True,animal,animal,0.4639,f2efdae9-efb8-48fb-8a91-eccf79ab4ffb;no cv result;no cv result;no cv result;no cv result;no cv result;no cv result,unknown,0.3265,classifier,1084,195,1289
S1_H07_R1_PICT0402.jpg,empty,True,empty,,,,,,,1231,,1241
S1_H07_R1_PICT0426.jpg,warthog,False,animal,animal,0.8847,ccd7d6d7-8eb2-4fdb-a6d6-f1970847e449;mammalia;artiodactyla;suidae;phacochoerus;africanus;common warthog,warthog,0.935,classifier,1150,223,1383
S1_H07_R1_PICT0441.jpg,empty,True,empty,,,,,,,1068,,1077
S1_H07_R1_PICT0453.jpg,gazelle,False,animal,animal,0.7421,dc5dbe17-a8ca-40a6-ac6a-3b6b1d63e6d6;mammalia;artiodactyla;bovidae;eudorcas;thomsonii;thomson's gazelle,gazelle,0.9549,classifier,1067,202,1279
S1_H07_R1_PICT0468.jpg,warthog,False,animal,animal,0.9707,ccd7d6d7-8eb2-4fdb-a6d6-f1970847e449;mammalia;artiodactyla;suidae;phacochoerus;africanus;common warthog,warthog,0.9846,classifier,1050,227,1286
S1_H07_R2_PICT0171.jpg,wildebeest,False,animal,animal,0.757,ccd7d6d7-8eb2-4fdb-a6d6-f1970847e449;mammalia;artiodactyla;suidae;phacochoerus;africanus;common warthog,warthog,0.8296,classifier,1049,226,1283
S1_H07_R2_PICT0221.jpg,lion,False,animal,animal,0.8553,f2d233e3-80e3-433d-9687-e29ecc7a467a;mammalia;;;;;mammal,mammal,0.9372,classifier+rollup_to_class,1090,199,1301
S1_H08_R1_PICT0303.jpg,elephant,False,animal,animal,0.8919,55631055-3e0e-4b7a-9612-dedebe9f78b0;mammalia;proboscidea;elephantidae;loxodonta;africana;african elephant,elephant,0.9892,classifier,1156,196,1361
S1_H08_R1_PICT0306.jpg,elephant,False,animal,animal,0.8969,55631055-3e0e-4b7a-9612-dedebe9f78b0;mammalia;proboscidea;elephantidae;loxodonta;africana;african elephant,elephant,0.9934,classifier,1057,198,1264
S1_H08_R1_PICT0359.jpg,elephant,False,animal,animal,0.7393,1f689929-883d-4dae-958c-3d57ab5b6c16;;;;;;animal,animal,0.7393,detector,1066,210,1287
S1_H08_R1_PICT0377.jpg,elephant,False,animal,animal,0.8459,55631055-3e0e-4b7a-9612-dedebe9f78b0;mammalia;proboscidea;elephantidae;loxodonta;africana;african elephant,elephant,0.9948,classifier,1050,210,1269
S1_H08_R1_PICT0386.jpg,elephant,False,animal,animal,0.8285,55631055-3e0e-4b7a-9612-dedebe9f78b0;mammalia;proboscidea;elephantidae;loxodonta;africana;african elephant,elephant,0.9978,classifier,1076,196,1281
S1_H08_R1_PICT0407.jpg,elephant,False,animal,animal,0.5095,55631055-3e0e-4b7a-9612-dedebe9f78b0;mammalia;proboscidea;elephantidae;loxodonta;africana;african elephant,elephant,0.9971,classifier,1045,197,1252
S1_H09_R1_PICT0222.jpg,empty,True,empty,,,,,,,1066,,1075
S1_H10_R1_PICT0163.jpg,hyena,False,animal,animal,0.8251,dce8d520-a3f6-4ed7-a434-bfe98f81a03d;mammalia;carnivora;hyaenidae;crocuta;crocuta;spotted hyaena,hyena,0.8438,classifier,1080,211,1300
S1_H10_R1_PICT0192.jpg,empty,True,empty,,,,,,,1073,,1082
S1_H10_R1_PICT0334.jpg,empty,True,empty,,,,,,,1067,,1077
S1_H10_R1_PICT0656.jpg,empty,True,empty,,,,,,,1053,,1062
S1_H10_R1_PICT0733.jpg,empty,True,empty,,,,,,,1071,,1080
S1_H10_R1_PICT0837.jpg,empty,True,empty,,,,,,,1049,,1058
S1_H10_R1_PICT1032.jpg,empty,True,empty,,,,,,,1064,,1073
S1_H10_R1_PICT1066.jpg,empty,True,empty,,,,,,,1039,,1047
S1_H10_R1_PICT1171.jpg,empty,True,empty,,,,,,,1060,,1069
S1_H10_R1_PICT1569.jpg,empty,True,empty,,,,,,,1082,,1092
S1_H10_R1_PICT1687.jpg,empty,True,empty,,,,,,,1126,,1135
S1_H10_R1_PICT1703.jpg,empty,True,empty,,,,,,,1127,,1137
S1_H10_R1_PICT1788.jpg,empty,True,empty,,,,,,,1078,,1088
S1_H10_R1_PICT2094.jpg,empty,True,empty,,,,,,,1050,,1058
S1_H10_R1_PICT2136.jpg,empty,True,empty,,,,,,,1068,,1076
S1_H10_R1_PICT2292.jpg,empty,True,empty,,,,,,,1144,,1153
S1_H10_R1_PICT2296.jpg,empty,True,empty,,,,,,,1174,,1187
S1_H10_R1_PICT2846.jpg,empty,True,empty,,,,,,,1072,,1082
S1_H10_R1_PICT2851.jpg,empty,True,empty,,,,,,,1095,,1104
S1_H10_R1_PICT2978.jpg,empty,True,empty,animal,0.1162,,,,,1145,,1155
S1_H10_R1_PICT3124.jpg,empty,True,empty,,,,,,,1057,,1066
S1_H10_R1_PICT3148.jpg,empty,True,empty,animal,0.1117,,,,,1063,,1072
S1_H10_R1_PICT4115.jpg,empty,True,empty,,,,,,,1039,,1049
S1_H10_R1_PICT4265.jpg,empty,True,empty,,,,,,,1070,,1079
S1_H10_R1_PICT4595.jpg,empty,True,empty,,,,,,,1200,,1209
S1_H10_R1_PICT4736.jpg,empty,True,empty,,,,,,,1105,,1114
S1_H11_R1_PICT0062.jpg,empty,True,empty,,,,,,,1087,,1096
S1_H11_R1_PICT0182.jpg,empty,True,empty,,,,,,,1309,,1318
S1_H11_R1_PICT0186.jpg,empty,True,empty,,,,,,,1125,,1135
S1_H11_R1_PICT0247.jpg,empty,True,empty,,,,,,,1087,,1097
S1_H11_R1_PICT0914.jpg,empty,True,empty,,,,,,,1493,,1502
S1_H11_R1_PICT0946.jpg,empty,True,empty,,,,,,,1143,,1153
S1_H11_R1_PICT1038.jpg,empty,True,empty,,,,,,,1144,,1153
S1_H11_R1_PICT1057.jpg,empty,True,empty,,,,,,,1086,,1096
S1_H11_R1_PICT1117.jpg,empty,True,empty,,,,,,,1076,,1086
S1_H11_R1_PICT1240.jpg,empty,True,empty,,,,,,,1049,,1058
S1_H11_R1_PICT1731.jpg,empty,True,empty,,,,,,,1110,,1119
S1_H11_R1_PICT2231.jpg,empty,True,empty,,,,,,,1152,,1161
S1_H11_R1_PICT2699.jpg,empty,True,empty,,,,,,,1209,,1219
S1_H11_R1_PICT3418.jpg,empty,True,empty,,,,,,,1568,,1581
S1_H11_R1_PICT3752.jpg,empty,True,empty,,,,,,,1065,,1075
S1_H11_R1_PICT3998.jpg,empty,True,empty,,,,,,,1184,,1194
S1_H11_R1_PICT4018.jpg,empty,True,empty,,,,,,,1094,,1103
S1_H11_R1_PICT4084.jpg,empty,True,empty,,,,,,,1062,,1070
S1_H11_R1_PICT4165.jpg,empty,True,empty,,,,,,,1095,,1103
S1_H11_R1_PICT4499.jpg,empty,True,empty,,,,,,,1104,,1114
S1_H11_R1_PICT4535.jpg,empty,True,empty,,,,,,,1081,,1090
S1_H11_R1_PICT4947.jpg,empty,True,empty,,,,,,,1059,,1069
S1_H11_R1_PICT5036.jpg,empty,True,empty,animal,0.1091,,,,,1051,,1061
S1_H11_R1_PICT5305.jpg,empty,True,empty,,,,,,,1063,,1072
S1_H11_R1_PICT5856.jpg,empty,True,empty,,,,,,,1063,,1071
S1_H11_R1_PICT6244.jpg,empty,True,empty,,,,,,,1045,,1054
S1_H13_R1_PICT0031.jpg,elephant,False,animal,animal,0.9763,55631055-3e0e-4b7a-9612-dedebe9f78b0;mammalia;proboscidea;elephantidae;loxodonta;africana;african elephant,elephant,0.999,classifier,1062,247,1319
S1_H13_R1_PICT0175.jpg,elephant,False,animal,animal,0.8133,55631055-3e0e-4b7a-9612-dedebe9f78b0;mammalia;proboscidea;elephantidae;loxodonta;africana;african elephant,elephant,0.9997,classifier,1105,198,1312
S1_I02_R1_PICT0330.jpg,empty,True,empty,,,,,,,1116,,1126
S1_I02_R1_PICT0440.jpg,empty,True,empty,,,,,,,1079,,1088
S1_I02_R1_PICT0465.jpg,empty,True,empty,,,,,,,1062,,1071
S1_I02_R1_PICT0589.jpg,empty,True,empty,,,,,,,1062,,1071
S1_I02_R1_PICT0642.jpg,empty,True,empty,,,,,,,1054,,1063
S1_I02_R1_PICT0789.jpg,empty,True,empty,,,,,,,1055,,1064
S1_I02_R1_PICT1827.jpg,empty,True,empty,,,,,,,1049,,1058
S1_I02_R1_PICT2142.jpg,zebra,False,animal,animal,0.8532,dd39bbd5-077c-482e-9d33-bd176116c870;mammalia;perissodactyla;equidae;equus;quagga;plains zebra,zebra,0.9889,classifier,1057,195,1262
S1_I02_R1_PICT2273.jpg,zebra,False,animal,animal,0.9381,dd39bbd5-077c-482e-9d33-bd176116c870;mammalia;perissodactyla;equidae;equus;quagga;plains zebra,zebra,0.9749,classifier,1074,195,1278
S1_I02_R1_PICT2771.jpg,empty,True,empty,,,,,,,1139,,1148
S1_I02_R1_PICT2916.jpg,zebra,False,animal,animal,0.9336,dd39bbd5-077c-482e-9d33-bd176116c870;mammalia;perissodactyla;equidae;equus;quagga;plains zebra,zebra,0.984,classifier,1081,214,1305
S1_I02_R1_PICT3092.jpg,hyena,False,animal,animal,0.9471,dce8d520-a3f6-4ed7-a434-bfe98f81a03d;mammalia;carnivora;hyaenidae;crocuta;crocuta;spotted hyaena,hyena,0.9959,classifier,1048,194,1252
S1_I02_R1_PICT3111.jpg,giraffe,False,empty,,,,,,,1064,,1073
S1_I02_R1_PICT3131.jpg,zebra,False,animal,animal,0.7777,dd39bbd5-077c-482e-9d33-bd176116c870;mammalia;perissodactyla;equidae;equus;quagga;plains zebra,zebra,0.9829,classifier,1062,197,1269
S1_I02_R1_PICT3199.jpg,impala,False,animal,animal,0.8866,8cf3fce2-0078-4347-9e46-5324fd12f8ed;mammalia;artiodactyla;bovidae;;;bovidae family,bovidae family,0.9925,classifier+rollup_to_family,1045,204,1258
S1_I02_R1_PICT3247.jpg,impala,False,animal,animal,0.9524,c134e0ab-cf96-45ec-bae6-60b94995f71b;mammalia;artiodactyla;bovidae;aepyceros;melampus;impala,impala,0.9704,classifier,1051,197,1257
S1_I02_R1_PICT3266.jpg,impala,False,animal,animal,0.9799,c134e0ab-cf96-45ec-bae6-60b94995f71b;mammalia;artiodactyla;bovidae;aepyceros;melampus;impala,impala,0.9963,classifier,1082,209,1300
S1_I02_R1_PICT3274.jpg,impala,False,animal,animal,0.9709,c134e0ab-cf96-45ec-bae6-60b94995f71b;mammalia;artiodactyla;bovidae;aepyceros;melampus;impala,impala,0.8773,classifier,1064,195,1268
S1_I02_R1_PICT3312.jpg,impala,False,animal,animal,0.9739,c134e0ab-cf96-45ec-bae6-60b94995f71b;mammalia;artiodactyla;bovidae;aepyceros;melampus;impala,impala,0.9844,classifier,1115,201,1325
S1_I02_R1_PICT3320.jpg,impala,False,animal,animal,0.9381,c134e0ab-cf96-45ec-bae6-60b94995f71b;mammalia;artiodactyla;bovidae;aepyceros;melampus;impala,impala,0.9962,classifier,1069,202,1280
S1_I02_R1_PICT3357.jpg,empty,True,empty,,,,,,,1046,,1055
S1_I03_R1_PICT0583.jpg,empty,True,empty,,,,,,,1066,,1076
S1_I03_R1_PICT0825.jpg,empty,True,empty,,,,,,,1046,,1056
S1_I03_R1_PICT1047.jpg,empty,True,empty,,,,,,,1047,,1056
S1_I03_R1_PICT1288.jpg,empty,True,empty,,,,,,,1047,,1056
S1_I03_R1_PICT1402.jpg,empty,True,animal,animal,0.2081,f1856211-cfb7-4a5b-9158-c0f72fd09ee6;;;;;;blank,blank,0.9993,classifier,1089,200,1299
S1_I03_R1_PICT1605.jpg,empty,True,empty,,,,,,,1151,,1160
S1_I03_R1_PICT2100.jpg,empty,True,empty,,,,,,,1121,,1129
S1_I03_R1_PICT2305.jpg,empty,True,empty,,,,,,,1045,,1055
S1_I03_R1_PICT2431.jpg,empty,True,empty,,,,,,,1048,,1057
S1_I03_R1_PICT3012.jpg,empty,True,empty,,,,,,,1070,,1079
S1_I03_R1_PICT3235.jpg,empty,True,empty,,,,,,,1061,,1070
S1_I03_R1_PICT3618.jpg,empty,True,empty,,,,,,,1047,,1056
S1_I03_R1_PICT3808.jpg,empty,True,empty,,,,,,,1054,,1063
S1_I03_R1_PICT3810.jpg,empty,True,empty,,,,,,,1072,,1082
S1_I03_R1_PICT3919.jpg,empty,True,empty,,,,,,,1129,,1139
S1_I03_R1_PICT4190.jpg,empty,True,empty,,,,,,,1133,,1142
S1_I03_R1_PICT4891.jpg,empty,True,empty,,,,,,,1140,,1149
S1_I03_R1_PICT5002.jpg,empty,True,empty,,,,,,,1121,,1131
S1_I03_R1_PICT5013.jpg,empty,True,empty,,,,,,,1073,,1084
S1_I03_R1_PICT5115.jpg,empty,True,empty,animal,0.1507,,,,,1072,,1081
S1_I03_R1_PICT5237.jpg,buffalo,False,animal,animal,0.9153,9732cefb-6a08-49f6-b61e-b9a9054368c4;mammalia;artiodactyla;bovidae;syncerus;caffer;african buffalo,buffalo,0.9587,classifier,1075,241,1325
S1_I03_R1_PICT5361.jpg,empty,True,empty,,,,,,,1077,,1087
S1_I03_R1_PICT5401.jpg,empty,True,empty,,,,,,,1102,,1111
S1_I03_R1_PICT5469.jpg,empty,True,empty,,,,,,,1063,,1073
S1_I03_R1_PICT5616.jpg,empty,True,empty,,,,,,,1069,,1078
S1_I03_R1_PICT6320.jpg,empty,True,empty,,,,,,,1053,,1062
S1_I04_R2_PICT0016.jpg,giraffe,False,animal,animal,0.6266,2dca052b-dff5-4cc9-8072-1282c5713286;mammalia;artiodactyla;giraffidae;giraffa;camelopardalis;giraffe,giraffe,0.9907,classifier,1050,196,1255
S1_I05_R1_PICT0062.jpg,empty,True,empty,,,,,,,1059,,1068
S1_I05_R1_PICT0099.jpg,empty,True,empty,,,,,,,1042,,1051
S1_I05_R1_PICT0121.jpg,empty,True,empty,,,,,,,1054,,1063
S1_I05_R2_PICT0418.jpg,empty,True,empty,,,,,,,1045,,1054
S1_I05_R2_PICT0445.jpg,zebra,False,animal,animal,0.9383,dd39bbd5-077c-482e-9d33-bd176116c870;mammalia;perissodactyla;equidae;equus;quagga;plains zebra,zebra,0.9625,classifier,1086,201,1296
S1_I05_R2_PICT0657.jpg,empty,True,empty,,,,,,,1169,,1177
S1_I05_R2_PICT0732.jpg,empty,True,empty,,,,,,,1075,,1084
S1_I05_R2_PICT0733.jpg,zebra,False,animal,animal,0.872,dd39bbd5-077c-482e-9d33-bd176116c870;mammalia;perissodactyla;equidae;equus;quagga;plains zebra,zebra,0.998,classifier,1076,197,1282
S1_I06_R1_PICT0058.jpg,elephant,False,animal,animal,0.9682,55631055-3e0e-4b7a-9612-dedebe9f78b0;mammalia;proboscidea;elephantidae;loxodonta;africana;african elephant,elephant,0.9962,classifier,1067,197,1275
S1_I06_R2_PICT0113.jpg,empty,True,empty,,,,,,,1070,,1079
S1_I06_R2_PICT0164.jpg,giraffe,False,animal,animal,0.9739,2dca052b-dff5-4cc9-8072-1282c5713286;mammalia;artiodactyla;giraffidae;giraffa;camelopardalis;giraffe,giraffe,0.9903,classifier,1047,197,1254
S1_I06_R2_PICT0507.jpg,gazelle,False,animal,animal,0.8265,8cf3fce2-0078-4347-9e46-5324fd12f8ed;mammalia;artiodactyla;bovidae;;;bovidae family,bovidae family,0.9346,classifier+rollup_to_family,1053,195,1258
S1_I06_R2_PICT0654.jpg,giraffe,False,animal,animal,0.6154,2dca052b-dff5-4cc9-8072-1282c5713286;mammalia;artiodactyla;giraffidae;giraffa;camelopardalis;giraffe,giraffe,0.9894,classifier,1061,234,1303
S1_I06_R2_PICT0663.jpg,giraffe,False,animal,animal,0.7813,2dca052b-dff5-4cc9-8072-1282c5713286;mammalia;artiodactyla;giraffidae;giraffa;camelopardalis;giraffe,giraffe,0.9963,classifier,1083,197,1289
S1_I06_R2_PICT0722.jpg,giraffe,False,animal,animal,0.8983,2dca052b-dff5-4cc9-8072-1282c5713286;mammalia;artiodactyla;giraffidae;giraffa;camelopardalis;giraffe,giraffe,0.9953,classifier,1094,197,1300
S1_I06_R2_PICT0797.jpg,giraffe,False,empty,,,,,,,1041,,1050
S1_I06_R2_PICT0992.jpg,giraffe,False,animal,animal,0.9013,2dca052b-dff5-4cc9-8072-1282c5713286;mammalia;artiodactyla;giraffidae;giraffa;camelopardalis;giraffe,giraffe,0.9815,classifier,1058,197,1263
S1_I06_R2_PICT1269.jpg,elephant,False,animal,animal,0.9167,55631055-3e0e-4b7a-9612-dedebe9f78b0;mammalia;proboscidea;elephantidae;loxodonta;africana;african elephant,elephant,0.9858,classifier,1044,204,1257
S1_I06_R2_PICT1450.jpg,empty,True,empty,,,,,,,1054,,1064
S1_I06_R2_PICT1723.jpg,empty,True,empty,,,,,,,1059,,1069
S1_I06_R2_PICT1970.jpg,empty,True,empty,,,,,,,1077,,1086
S1_I06_R2_PICT2241.jpg,empty,True,empty,,,,,,,1082,,1092
S1_I06_R2_PICT2443.jpg,empty,True,empty,,,,,,,1062,,1071
S1_I06_R2_PICT2482.jpg,empty,True,empty,,,,,,,1076,,1085
S1_I06_R2_PICT2597.jpg,empty,True,empty,,,,,,,1042,,1052
S1_I06_R2_PICT2673.jpg,empty,True,empty,,,,,,,1076,,1084
S1_I06_R2_PICT2748.jpg,empty,True,empty,,,,,,,1043,,1052
S1_I06_R2_PICT3073.jpg,empty,True,empty,,,,,,,1064,,1073
S1_I07_R1_PICT0481.jpg,gazelle,False,animal,animal,0.9695,dc5dbe17-a8ca-40a6-ac6a-3b6b1d63e6d6;mammalia;artiodactyla;bovidae;eudorcas;thomsonii;thomson's gazelle,gazelle,0.979,classifier,1042,212,1263
S1_I07_R1_PICT1676.jpg,elephant,False,animal,animal,0.8378,55631055-3e0e-4b7a-9612-dedebe9f78b0;mammalia;proboscidea;elephantidae;loxodonta;africana;african elephant,elephant,0.9591,classifier,1086,204,1299
S1_I07_R1_PICT1970.jpg,elephant,False,animal,animal,0.8175,f2d233e3-80e3-433d-9687-e29ecc7a467a;mammalia;;;;;mammal,mammal,0.8045,classifier+rollup_to_class,1102,200,1312
S1_I07_R1_PICT2107.jpg,elephant,False,animal,animal,0.4165,55631055-3e0e-4b7a-9612-dedebe9f78b0;mammalia;proboscidea;elephantidae;loxodonta;africana;african elephant,elephant,0.9996,classifier,1073,219,1301
S1_I07_R1_PICT2115.jpg,empty,True,empty,,,,,,,1073,,1083
S1_I07_R1_PICT2165.jpg,elephant,False,animal,animal,0.4773,55631055-3e0e-4b7a-9612-dedebe9f78b0;mammalia;proboscidea;elephantidae;loxodonta;africana;african elephant,elephant,0.9849,classifier,1045,199,1253
S1_I07_R1_PICT2214.jpg,warthog,False,animal,animal,0.9715,ccd7d6d7-8eb2-4fdb-a6d6-f1970847e449;mammalia;artiodactyla;suidae;phacochoerus;africanus;common warthog,warthog,0.978,classifier,1054,195,1258
S1_I07_R1_PICT2290.jpg,empty,True,empty,,,,,,,1060,,1069
S1_I07_R1_PICT2341.jpg,warthog,False,animal,animal,0.9653,ccd7d6d7-8eb2-4fdb-a6d6-f1970847e449;mammalia;artiodactyla;suidae;phacochoerus;africanus;common warthog,warthog,0.9917,classifier,1055,196,1261
S1_I08_R1_PICT0031.jpg,empty,True,empty,,,,,,,1043,,1053
S1_I08_R1_PICT0211.jpg,giraffe,False,animal,animal,0.9574,2dca052b-dff5-4cc9-8072-1282c5713286;mammalia;artiodactyla;giraffidae;giraffa;camelopardalis;giraffe,giraffe,0.997,classifier,1096,201,1307
S1_I08_R1_PICT0354.jpg,empty,True,empty,animal,0.1649,,,,,1135,,1145
S1_I08_R1_PICT0467.jpg,empty,True,animal,animal,0.3401,f2efdae9-efb8-48fb-8a91-eccf79ab4ffb;no cv result;no cv result;no cv result;no cv result;no cv result;no cv result,unknown,0.9687,classifier,1307,208,1525
S1_I09_R1_PICT0088.jpg,empty,True,empty,,,,,,,1225,,1235
S1_I09_R1_PICT0244.jpg,empty,True,empty,animal,0.1081,,,,,1056,,1066
S1_I09_R1_PICT0366.jpg,empty,True,empty,,,,,,,1066,,1077
S1_I09_R1_PICT0661.jpg,empty,True,empty,,,,,,,1064,,1074
S1_I09_R1_PICT0874.jpg,elephant,False,animal,animal,0.6448,55631055-3e0e-4b7a-9612-dedebe9f78b0;mammalia;proboscidea;elephantidae;loxodonta;africana;african elephant,elephant,0.9987,classifier,1075,210,1294
S1_I09_R1_PICT1101.jpg,empty,True,empty,animal,0.139,,,,,1054,,1062
S1_I09_R1_PICT1395.jpg,empty,True,animal,animal,0.7212,55631055-3e0e-4b7a-9612-dedebe9f78b0;mammalia;proboscidea;elephantidae;loxodonta;africana;african elephant,elephant,0.786,classifier,1090,196,1295
S1_I09_R1_PICT1472.jpg,empty,True,animal,animal,0.7369,55631055-3e0e-4b7a-9612-dedebe9f78b0;mammalia;proboscidea;elephantidae;loxodonta;africana;african elephant,elephant,0.854,classifier,1067,218,1295
S1_I09_R1_PICT1475.jpg,empty,True,animal,animal,0.6866,55631055-3e0e-4b7a-9612-dedebe9f78b0;mammalia;proboscidea;elephantidae;loxodonta;africana;african elephant,elephant,0.8153,classifier,1048,205,1264
S1_I09_R1_PICT1597.jpg,empty,True,animal,animal,0.6154,55631055-3e0e-4b7a-9612-dedebe9f78b0;mammalia;proboscidea;elephantidae;loxodonta;africana;african elephant,elephant,0.8831,classifier,1059,202,1270
S1_I09_R1_PICT1842.jpg,empty,True,empty,animal,0.1257,,,,,1087,,1096
S1_I09_R1_PICT2161.jpg,empty,True,animal,animal,0.6428,55631055-3e0e-4b7a-9612-dedebe9f78b0;mammalia;proboscidea;elephantidae;loxodonta;africana;african elephant,elephant,0.9452,classifier,1049,198,1258
S1_I09_R1_PICT2402.jpg,empty,True,animal,animal,0.808,55631055-3e0e-4b7a-9612-dedebe9f78b0;mammalia;proboscidea;elephantidae;loxodonta;africana;african elephant,elephant,0.7057,classifier,1056,198,1264
S1_I09_R1_PICT2525.jpg,empty,True,animal,animal,0.7241,1f689929-883d-4dae-958c-3d57ab5b6c16;;;;;;animal,animal,0.7241,detector,1057,200,1266
S1_I09_R1_PICT2539.jpg,empty,True,animal,animal,0.7801,55631055-3e0e-4b7a-9612-dedebe9f78b0;mammalia;proboscidea;elephantidae;loxodonta;africana;african elephant,elephant,0.9495,classifier,1091,196,1298
S1_I09_R1_PICT3234.jpg,empty,True,animal,animal,0.8048,55631055-3e0e-4b7a-9612-dedebe9f78b0;mammalia;proboscidea;elephantidae;loxodonta;africana;african elephant,elephant,0.823,classifier,1053,220,1283
S1_I09_R1_PICT3399.jpg,empty,True,animal,animal,0.7479,55631055-3e0e-4b7a-9612-dedebe9f78b0;mammalia;proboscidea;elephantidae;loxodonta;africana;african elephant,elephant,0.9691,classifier,1058,197,1265
S1_I09_R1_PICT3450.jpg,empty,True,animal,animal,0.4951,55631055-3e0e-4b7a-9612-dedebe9f78b0;mammalia;proboscidea;elephantidae;loxodonta;africana;african elephant,elephant,0.9807,classifier,1061,196,1266
S1_I09_R1_PICT3988.jpg,empty,True,animal,animal,0.3602,f2efdae9-efb8-48fb-8a91-eccf79ab4ffb;no cv result;no cv result;no cv result;no cv result;no cv result;no cv result,unknown,0.5759,classifier,1044,204,1255
S1_I09_R1_PICT4058.jpg,empty,True,animal,animal,0.8291,55631055-3e0e-4b7a-9612-dedebe9f78b0;mammalia;proboscidea;elephantidae;loxodonta;africana;african elephant,elephant,0.8142,classifier,1057,197,1265
S1_I09_R1_PICT4326.jpg,empty,True,animal,animal,0.7981,55631055-3e0e-4b7a-9612-dedebe9f78b0;mammalia;proboscidea;elephantidae;loxodonta;africana;african elephant,elephant,0.9751,classifier,1066,209,1285
S1_I09_R1_PICT4678.jpg,empty,True,animal,animal,0.6203,55631055-3e0e-4b7a-9612-dedebe9f78b0;mammalia;proboscidea;elephantidae;loxodonta;africana;african elephant,elephant,0.958,classifier,1067,198,1275
S1_I09_R1_PICT5615.jpg,empty,True,animal,animal,0.6876,55631055-3e0e-4b7a-9612-dedebe9f78b0;mammalia;proboscidea;elephantidae;loxodonta;africana;african elephant,elephant,0.9942,classifier,1145,204,1359
S1_I12_R1_PICT0124.jpg,empty,True,empty,,,,,,,1078,,1088
S1_I13_R1_PICT0357.jpg,lion,False,animal,animal,0.9585,ddf59264-185a-4d35-b647-2785792bdf54;mammalia;carnivora;felidae;panthera;leo;lion,lion,0.9994,classifier,1074,195,1279
S1_I13_R1_PICT0386.jpg,lion,False,animal,animal,0.9153,ddf59264-185a-4d35-b647-2785792bdf54;mammalia;carnivora;felidae;panthera;leo;lion,lion,0.9993,classifier,1056,206,1271
S1_I13_R1_PICT0404.jpg,lion,False,animal,animal,0.9758,ddf59264-185a-4d35-b647-2785792bdf54;mammalia;carnivora;felidae;panthera;leo;lion,lion,0.9994,classifier,1048,195,1253
S1_I13_R1_PICT0578.jpg,empty,True,empty,,,,,,,1070,,1079
S1_I13_R1_PICT0621.jpg,empty,True,empty,,,,,,,1053,,1062
S1_I13_R1_PICT1180.jpg,empty,True,empty,,,,,,,1084,,1093
S1_I13_R1_PICT1187.jpg,empty,True,empty,,,,,,,1089,,1098
S1_I13_R1_PICT1389.jpg,warthog,False,animal,animal,0.9721,ccd7d6d7-8eb2-4fdb-a6d6-f1970847e449;mammalia;artiodactyla;suidae;phacochoerus;africanus;common warthog,warthog,0.9879,classifier,1073,197,1279
S1_I13_R1_PICT1597.jpg,hyena,False,animal,animal,0.9261,dce8d520-a3f6-4ed7-a434-bfe98f81a03d;mammalia;carnivora;hyaenidae;crocuta;crocuta;spotted hyaena,hyena,0.8005,classifier,1061,203,1273
S1_I13_R2_PICT0031.jpg,giraffe,False,animal,animal,0.9062,2dca052b-dff5-4cc9-8072-1282c5713286;mammalia;artiodactyla;giraffidae;giraffa;camelopardalis;giraffe,giraffe,0.9911,classifier,1074,197,1280
S1_I13_R2_PICT0101.jpg,warthog,False,animal,animal,0.9639,ccd7d6d7-8eb2-4fdb-a6d6-f1970847e449;mammalia;artiodactyla;suidae;phacochoerus;africanus;common warthog,warthog,0.9881,classifier,1055,196,1259
S1_J03_R1_PICT1956.jpg,empty,True,empty,,,,,,,1051,,1061
S1_J03_R1_PICT2568.jpg,empty,True,empty,,,,,,,1070,,1079
S1_J03_R1_PICT2769.jpg,hyena,False,animal,animal,0.9041,dce8d520-a3f6-4ed7-a434-bfe98f81a03d;mammalia;carnivora;hyaenidae;crocuta;crocuta;spotted hyaena,hyena,0.9956,classifier,1043,208,1260
S1_J03_R1_PICT2779.jpg,giraffe,False,animal,animal,0.9048,2dca052b-dff5-4cc9-8072-1282c5713286;mammalia;artiodactyla;giraffidae;giraffa;camelopardalis;giraffe,giraffe,0.9873,classifier,1061,211,1282
S1_J04_R1_PICT0027.jpg,empty,True,empty,,,,,,,1064,,1072
S1_J04_R1_PICT0036.jpg,empty,True,empty,,,,,,,1048,,1057
S1_J04_R1_PICT0069.jpg,giraffe,False,animal,animal,0.9686,2dca052b-dff5-4cc9-8072-1282c5713286;mammalia;artiodactyla;giraffidae;giraffa;camelopardalis;giraffe,giraffe,0.9936,classifier,1062,193,1265
S1_J04_R2_PICT0559.jpg,empty,True,empty,,,,,,,1046,,1056
S1_J04_R2_PICT0571.jpg,gazelle,False,animal,animal,0.9406,dc5dbe17-a8ca-40a6-ac6a-3b6b1d63e6d6;mammalia;artiodactyla;bovidae;eudorcas;thomsonii;thomson's gazelle,gazelle,0.9967,classifier,1048,204,1261
S1_J04_R2_PICT0850.jpg,gazelle,False,animal,animal,0.903,dc5dbe17-a8ca-40a6-ac6a-3b6b1d63e6d6;mammalia;artiodactyla;bovidae;eudorcas;thomsonii;thomson's gazelle,gazelle,0.9919,classifier,1048,196,1253
S1_J04_R3_PICT0180.jpg,empty,True,empty,,,,,,,1051,,1060
S1_J04_R3_PICT0186.jpg,empty,True,empty,,,,,,,1058,,1067
S1_J04_R3_PICT0840.jpg,impala,False,animal,animal,0.6877,8cf3fce2-0078-4347-9e46-5324fd12f8ed;mammalia;artiodactyla;bovidae;;;bovidae family,bovidae family,0.8576,classifier+rollup_to_family,1073,209,1290
S1_J04_R3_PICT1092.jpg,empty,True,empty,,,,,,,1092,,1102
S1_J04_R3_PICT2032.jpg,gazelle,False,animal,animal,0.881,dc5dbe17-a8ca-40a6-ac6a-3b6b1d63e6d6;mammalia;artiodactyla;bovidae;eudorcas;thomsonii;thomson's gazelle,gazelle,0.9946,classifier,1210,325,1544
S1_J04_R3_PICT2475.jpg,warthog,False,animal,animal,0.8889,ccd7d6d7-8eb2-4fdb-a6d6-f1970847e449;mammalia;artiodactyla;suidae;phacochoerus;africanus;common warthog,warthog,0.9594,classifier,1102,199,1311
S1_J04_R3_PICT2641.jpg,warthog,False,animal,animal,0.8648,ccd7d6d7-8eb2-4fdb-a6d6-f1970847e449;mammalia;artiodactyla;suidae;phacochoerus;africanus;common warthog,warthog,0.9587,classifier,1057,194,1260
S1_J04_R3_PICT2745.jpg,warthog,False,animal,animal,0.8424,ccd7d6d7-8eb2-4fdb-a6d6-f1970847e449;mammalia;artiodactyla;suidae;phacochoerus;africanus;common warthog,warthog,0.9378,classifier,1055,212,1277
S1_J04_R3_PICT2758.jpg,warthog,False,animal,animal,0.8866,ccd7d6d7-8eb2-4fdb-a6d6-f1970847e449;mammalia;artiodactyla;suidae;phacochoerus;africanus;common warthog,warthog,0.9842,classifier,1107,211,1328
S1_J05_R2_PICT0005.jpg,giraffe,False,empty,,,,,,,1060,,1070
S1_J05_R4_PICT0165.jpg,hyena,False,animal,animal,0.9146,dce8d520-a3f6-4ed7-a434-bfe98f81a03d;mammalia;carnivora;hyaenidae;crocuta;crocuta;spotted hyaena,hyena,0.9964,classifier,1098,197,1304
S1_J06_R3_PICT0127.jpg,empty,True,empty,,,,,,,1063,,1072
S1_J06_R3_PICT0225.jpg,empty,True,empty,,,,,,,1061,,1071
S1_J06_R3_PICT0241.jpg,empty,True,empty,,,,,,,1060,,1069
S1_J06_R3_PICT0343.jpg,empty,True,empty,,,,,,,1050,,1058
S1_J06_R3_PICT1421.jpg,gazelle,False,animal,animal,0.9022,8cf3fce2-0078-4347-9e46-5324fd12f8ed;mammalia;artiodactyla;bovidae;;;bovidae family,bovidae family,0.9912,classifier+rollup_to_family,1054,197,1260
S1_J06_R3_PICT1591.jpg,impala,False,animal,animal,0.9803,8cf3fce2-0078-4347-9e46-5324fd12f8ed;mammalia;artiodactyla;bovidae;;;bovidae family,bovidae family,0.9836,classifier+rollup_to_family,1053,199,1262
S1_J06_R3_PICT1715.jpg,zebra,False,animal,animal,0.953,dd39bbd5-077c-482e-9d33-bd176116c870;mammalia;perissodactyla;equidae;equus;quagga;plains zebra,zebra,0.9831,classifier,1049,199,1258
S1_J06_R3_PICT1757.jpg,zebra,False,animal,animal,0.7733,dd39bbd5-077c-482e-9d33-bd176116c870;mammalia;perissodactyla;equidae;equus;quagga;plains zebra,zebra,0.8552,classifier,1072,199,1280
S1_J06_R3_PICT2172.jpg,zebra,False,animal,animal,0.8968,dd39bbd5-077c-482e-9d33-bd176116c870;mammalia;perissodactyla;equidae;equus;quagga;plains zebra,zebra,0.9968,classifier,1161,200,1371
S1_J06_R3_PICT2230.jpg,zebra,False,animal,animal,0.9364,dd39bbd5-077c-482e-9d33-bd176116c870;mammalia;perissodactyla;equidae;equus;quagga;plains zebra,zebra,0.9643,classifier,1053,197,1261
S1_J07_R1_PICT0072.jpg,empty,True,empty,,,,,,,1074,,1085
S1_J07_R1_PICT0157.jpg,empty,True,empty,,,,,,,1043,,1052
S1_J08_R1_PICT0501.jpg,warthog,False,animal,animal,0.9666,ccd7d6d7-8eb2-4fdb-a6d6-f1970847e449;mammalia;artiodactyla;suidae;phacochoerus;africanus;common warthog,warthog,0.9949,classifier,1056,210,1273
S1_J09_R1_PICT0480.jpg,empty,True,empty,,,,,,,1043,,1051
S1_J09_R1_PICT0693.jpg,empty,True,empty,,,,,,,1063,,1073
S1_J09_R1_PICT0697.jpg,empty,True,empty,,,,,,,1049,,1059
S1_J09_R1_PICT0758.jpg,empty,True,empty,,,,,,,1078,,1088
S1_J10_R2_PICT0025.jpg,buffalo,False,animal,animal,0.9273,9732cefb-6a08-49f6-b61e-b9a9054368c4;mammalia;artiodactyla;bovidae;syncerus;caffer;african buffalo,buffalo,0.9733,classifier,1068,209,1286
S1_J10_R2_PICT0027.jpg,buffalo,False,animal,animal,0.9631,9732cefb-6a08-49f6-b61e-b9a9054368c4;mammalia;artiodactyla;bovidae;syncerus;caffer;african buffalo,buffalo,0.9801,classifier,1051,205,1266
S1_J11_R1_PICT0053.jpg,empty,True,empty,,,,,,,1054,,1063
S1_J11_R1_PICT0097.jpg,elephant,False,animal,animal,0.7842,55631055-3e0e-4b7a-9612-dedebe9f78b0;mammalia;proboscidea;elephantidae;loxodonta;africana;african elephant,elephant,0.9993,classifier,1055,198,1263
S1_J11_R1_PICT0109.jpg,empty,True,empty,,,,,,,1066,,1076
S1_J12_R1_PICT0363.jpg,empty,True,empty,,,,,,,1049,,1058
S1_J12_R1_PICT0735.jpg,empty,True,empty,,,,,,,1071,,1080
S1_J12_R1_PICT1094.jpg,empty,True,empty,,,,,,,1049,,1058
S1_J12_R1_PICT1650.jpg,empty,True,empty,animal,0.1644,,,,,1085,,1095
S1_J12_R1_PICT1811.jpg,empty,True,empty,animal,0.1122,,,,,1061,,1070
S1_J12_R1_PICT1909.jpg,lion,False,animal,animal,0.8152,ddf59264-185a-4d35-b647-2785792bdf54;mammalia;carnivora;felidae;panthera;leo;lion,lion,0.9588,classifier,1131,216,1357
S1_J12_R1_PICT1930.jpg,lion,False,empty,,,,,,,1051,,1060
S1_J12_R1_PICT2159.jpg,empty,True,animal,animal,0.7894,ddf59264-185a-4d35-b647-2785792bdf54;mammalia;carnivora;felidae;panthera;leo;lion,lion,0.7146,classifier,1060,195,1265
S1_J12_R1_PICT2190.jpg,lion,False,animal,animal,0.9729,ddf59264-185a-4d35-b647-2785792bdf54;mammalia;carnivora;felidae;panthera;leo;lion,lion,0.9992,classifier,1050,214,1273
S1_J12_R1_PICT2284.jpg,empty,True,animal,animal,0.7143,ccd7d6d7-8eb2-4fdb-a6d6-f1970847e449;mammalia;artiodactyla;suidae;phacochoerus;africanus;common warthog,warthog,0.9815,classifier,1044,194,1247
S1_J12_R1_PICT2893.jpg,buffalo,False,animal,animal,0.8341,9732cefb-6a08-49f6-b61e-b9a9054368c4;mammalia;artiodactyla;bovidae;syncerus;caffer;african buffalo,buffalo,0.8905,classifier,1061,199,1269
S1_J12_R1_PICT2903.jpg,buffalo,False,animal,animal,0.824,8cf3fce2-0078-4347-9e46-5324fd12f8ed;mammalia;artiodactyla;bovidae;;;bovidae family,bovidae family,0.8155,classifier+rollup_to_family,1063,217,1290
S1_J12_R1_PICT2916.jpg,buffalo,False,animal,animal,0.8367,8cf3fce2-0078-4347-9e46-5324fd12f8ed;mammalia;artiodactyla;bovidae;;;bovidae family,bovidae family,0.944,classifier+rollup_to_family,1082,199,1291
S1_J12_R1_PICT2918.jpg,buffalo,False,animal,animal,0.8396,8cf3fce2-0078-4347-9e46-5324fd12f8ed;mammalia;artiodactyla;bovidae;;;bovidae family,bovidae family,0.9499,classifier+rollup_to_family,1073,202,1285
S1_J12_R1_PICT3564.jpg,empty,True,empty,,,,,,,1060,,1069
S1_J12_R1_PICT3625.jpg,lion,False,animal,animal,0.9037,f2d233e3-80e3-433d-9687-e29ecc7a467a;mammalia;;;;;mammal,mammal,0.67,classifier+rollup_to_class,1066,196,1271
S1_J12_R1_PICT4653.jpg,empty,True,animal,animal,0.3251,f1856211-cfb7-4a5b-9158-c0f72fd09ee6;;;;;;blank,blank,0.9999,classifier,1068,198,1275
S1_J12_R1_PICT5113.jpg,empty,True,empty,,,,,,,1077,,1086
S1_J12_R1_PICT5537.jpg,empty,True,empty,animal,0.1461,,,,,1044,,1053
S1_J12_R1_PICT5875.jpg,empty,True,empty,animal,0.1029,,,,,1064,,1074
S1_J12_R1_PICT6006.jpg,empty,True,empty,,,,,,,1193,,1203
S1_J13_R1_PICT0339.jpg,empty,True,empty,,,,,,,1183,,1196
S1_J13_R1_PICT0474.jpg,elephant,False,animal,animal,0.7941,55631055-3e0e-4b7a-9612-dedebe9f78b0;mammalia;proboscidea;elephantidae;loxodonta;africana;african elephant,elephant,0.987,classifier,1120,236,1371
S1_J13_R1_PICT0527.jpg,elephant,False,animal,animal,0.9765,55631055-3e0e-4b7a-9612-dedebe9f78b0;mammalia;proboscidea;elephantidae;loxodonta;africana;african elephant,elephant,0.98,classifier,1097,194,1301
S1_J13_R1_PICT0531.jpg,elephant,False,animal,animal,0.956,55631055-3e0e-4b7a-9612-dedebe9f78b0;mammalia;proboscidea;elephantidae;loxodonta;africana;african elephant,elephant,0.9979,classifier,1084,202,1296
S1_J13_R1_PICT1538.jpg,empty,True,animal,animal,0.4822,f2efdae9-efb8-48fb-8a91-eccf79ab4ffb;no cv result;no cv result;no cv result;no cv result;no cv result;no cv result,unknown,0.9594,classifier,1102,223,1333
S1_K03_R1_PICT0209.jpg,hyena,False,animal,animal,0.9384,fa0d7796-5b11-450d-b15c-d49fdfe89d0e;mammalia;carnivora;hyaenidae;proteles;cristata;aardwolf,aardwolf,0.6963,classifier,1090,196,1296
S1_K03_R1_PICT0298.jpg,giraffe,False,animal,animal,0.7742,2dca052b-dff5-4cc9-8072-1282c5713286;mammalia;artiodactyla;giraffidae;giraffa;camelopardalis;giraffe,giraffe,0.9983,classifier,1075,196,1280
S1_K03_R1_PICT0302.jpg,giraffe,False,animal,animal,0.8186,2dca052b-dff5-4cc9-8072-1282c5713286;mammalia;artiodactyla;giraffidae;giraffa;camelopardalis;giraffe,giraffe,0.9972,classifier,1085,203,1299
S1_K03_R1_PICT0337.jpg,giraffe,False,animal,animal,0.8898,2dca052b-dff5-4cc9-8072-1282c5713286;mammalia;artiodactyla;giraffidae;giraffa;camelopardalis;giraffe,giraffe,0.9971,classifier,1058,195,1263
S1_K03_R1_PICT0352.jpg,giraffe,False,animal,animal,0.8558,2dca052b-dff5-4cc9-8072-1282c5713286;mammalia;artiodactyla;giraffidae;giraffa;camelopardalis;giraffe,giraffe,0.9969,classifier,1075,201,1285
S1_K03_R1_PICT0361.jpg,empty,True,empty,,,,,,,1041,,1051
S1_K03_R1_PICT0403.jpg,impala,False,animal,animal,0.9666,c134e0ab-cf96-45ec-bae6-60b94995f71b;mammalia;artiodactyla;bovidae;aepyceros;melampus;impala,impala,0.969,classifier,1058,197,1264
S1_K03_R1_PICT0540.jpg,giraffe,False,animal,animal,0.9165,2dca052b-dff5-4cc9-8072-1282c5713286;mammalia;artiodactyla;giraffidae;giraffa;camelopardalis;giraffe,giraffe,0.9933,classifier,1055,203,1268
S1_K03_R1_PICT0670.jpg,empty,True,empty,,,,,,,1050,,1059
S1_K06_R1_PICT0222.jpg,empty,True,empty,,,,,,,1078,,1088
S1_K06_R1_PICT0236.jpg,empty,True,empty,,,,,,,1065,,1073
S1_K06_R1_PICT0466.jpg,empty,True,empty,,,,,,,1069,,1079
S1_K06_R1_PICT0536.jpg,empty,True,empty,,,,,,,1050,,1060
S1_K06_R1_PICT0539.jpg,empty,True,empty,,,,,,,1092,,1100
S1_K06_R1_PICT1106.jpg,empty,True,empty,,,,,,,1059,,1068
S1_K06_R1_PICT1122.jpg,empty,True,empty,,,,,,,1056,,1065
S1_K06_R1_PICT1617.jpg,empty,True,empty,,,,,,,1055,,1064
S1_K06_R1_PICT1622.jpg,empty,True,empty,,,,,,,1058,,1068
S1_K06_R1_PICT2369.jpg,empty,True,empty,,,,,,,1065,,1074
S1_K06_R1_PICT2377.jpg,empty,True,empty,,,,,,,1080,,1089
S1_K06_R1_PICT2636.jpg,empty,True,empty,,,,,,,1086,,1097
S1_K06_R1_PICT2873.jpg,empty,True,empty,,,,,,,1070,,1079
S1_K06_R1_PICT3044.jpg,empty,True,empty,,,,,,,1051,,1060
S1_K07_R1_PICT0016.jpg,warthog,False,animal,animal,0.9473,ccd7d6d7-8eb2-4fdb-a6d6-f1970847e449;mammalia;artiodactyla;suidae;phacochoerus;africanus;common warthog,warthog,0.9854,classifier,1097,240,1346
S1_K07_R1_PICT0045.jpg,empty,True,empty,,,,,,,1059,,1068
S1_K07_R1_PICT0157.jpg,empty,True,empty,,,,,,,1099,,1109
S1_K07_R1_PICT0378.jpg,empty,True,empty,,,,,,,1079,,1087
S1_K07_R1_PICT0393.jpg,empty,True,empty,,,,,,,1080,,1089
S1_K07_R1_PICT0684.jpg,empty,True,empty,,,,,,,1059,,1068
S1_K07_R1_PICT0782.jpg,empty,True,empty,,,,,,,1070,,1080
S1_K07_R1_PICT0806.jpg,empty,True,empty,,,,,,,1053,,1061
S1_K07_R1_PICT0840.jpg,empty,True,empty,,,,,,,1057,,1067
S1_K07_R1_PICT0850.jpg,giraffe,False,animal,animal,0.9838,2dca052b-dff5-4cc9-8072-1282c5713286;mammalia;artiodactyla;giraffidae;giraffa;camelopardalis;giraffe,giraffe,0.9964,classifier,1083,196,1289
S1_K07_R1_PICT0858.jpg,empty,True,empty,,,,,,,1062,,1071
S1_K07_R1_PICT1041.jpg,hyena,False,animal,animal,0.8931,dce8d520-a3f6-4ed7-a434-bfe98f81a03d;mammalia;carnivora;hyaenidae;crocuta;crocuta;spotted hyaena,hyena,0.9989,classifier,1055,195,1259
S1_K07_R1_PICT1066.jpg,empty,True,empty,,,,,,,1051,,1061
S1_K07_R1_PICT1163.jpg,empty,True,empty,animal,0.1027,,,,,1083,,1092
S1_K07_R1_PICT1584.jpg,giraffe,False,animal,animal,0.9195,2dca052b-dff5-4cc9-8072-1282c5713286;mammalia;artiodactyla;giraffidae;giraffa;camelopardalis;giraffe,giraffe,0.9916,classifier,1070,212,1292
S1_K08_R1_PICT0107.jpg,elephant,False,animal,animal,0.9717,55631055-3e0e-4b7a-9612-dedebe9f78b0;mammalia;proboscidea;elephantidae;loxodonta;africana;african elephant,elephant,0.9975,classifier,1079,200,1289
S1_K08_R1_PICT0115.jpg,elephant,False,animal,animal,0.9715,55631055-3e0e-4b7a-9612-dedebe9f78b0;mammalia;proboscidea;elephantidae;loxodonta;africana;african elephant,elephant,0.9992,classifier,1062,195,1266
S1_K08_R1_PICT0130.jpg,elephant,False,animal,animal,0.8652,1f689929-883d-4dae-958c-3d57ab5b6c16;;;;;;animal,animal,0.8652,detector,1073,197,1278
S1_K08_R1_PICT0303.jpg,elephant,False,animal,animal,0.9724,55631055-3e0e-4b7a-9612-dedebe9f78b0;mammalia;proboscidea;elephantidae;loxodonta;africana;african elephant,elephant,0.9968,classifier,1047,207,1263
S1_K08_R1_PICT0493.jpg,empty,True,empty,,,,,,,1058,,1067
S1_K08_R1_PICT0725.jpg,empty,True,empty,,,,,,,1052,,1060
S1_K08_R1_PICT1261.jpg,empty,True,empty,,,,,,,1048,,1057
S1_K08_R1_PICT1414.jpg,empty,True,empty,,,,,,,1078,,1089
S1_K08_R1_PICT1578.jpg,empty,True,empty,,,,,,,1135,,1145
S1_K08_R1_PICT1663.jpg,empty,True,empty,,,,,,,1180,,1188
S1_K08_R1_PICT1876.jpg,empty,True,empty,,,,,,,1097,,1107
S1_K08_R1_PICT2546.jpg,empty,True,empty,,,,,,,1221,,1230
S1_K08_R1_PICT2573.jpg,empty,True,empty,,,,,,,1049,,1058
S1_K08_R1_PICT3470.jpg,empty,True,empty,,,,,,,1058,,1067
S1_K09_R1_PICT2179.jpg,gazelle,False,animal,animal,0.9692,dc5dbe17-a8ca-40a6-ac6a-3b6b1d63e6d6;mammalia;artiodactyla;bovidae;eudorcas;thomsonii;thomson's gazelle,gazelle,0.997,classifier,1116,276,1401
S1_K09_R1_PICT2216.jpg,gazelle,False,animal,animal,0.9649,dc5dbe17-a8ca-40a6-ac6a-3b6b1d63e6d6;mammalia;artiodactyla;bovidae;eudorcas;thomsonii;thomson's gazelle,gazelle,0.9973,classifier,1171,206,1387
S1_K09_R1_PICT2329.jpg,gazelle,False,animal,animal,0.9673,dc5dbe17-a8ca-40a6-ac6a-3b6b1d63e6d6;mammalia;artiodactyla;bovidae;eudorcas;thomsonii;thomson's gazelle,gazelle,0.9948,classifier,1060,219,1288
S1_K09_R1_PICT3697.jpg,warthog,False,animal,animal,0.9767,ccd7d6d7-8eb2-4fdb-a6d6-f1970847e449;mammalia;artiodactyla;suidae;phacochoerus;africanus;common warthog,warthog,0.9671,classifier,1078,196,1283
S1_K09_R1_PICT3823.jpg,empty,True,empty,,,,,,,1064,,1073
S1_K09_R1_PICT4141.jpg,empty,True,animal,animal,0.4158,f2efdae9-efb8-48fb-8a91-eccf79ab4ffb;no cv result;no cv result;no cv result;no cv result;no cv result;no cv result,unknown,0.9866,classifier,1070,200,1279
S1_K09_R1_PICT4176.jpg,empty,True,empty,,,,,,,1074,,1083
S1_K09_R1_PICT4270.jpg,hyena,False,animal,animal,0.9146,dce8d520-a3f6-4ed7-a434-bfe98f81a03d;mammalia;carnivora;hyaenidae;crocuta;crocuta;spotted hyaena,hyena,0.9855,classifier,1047,203,1261
S1_K09_R1_PICT4622.jpg,warthog,False,animal,animal,0.9502,ccd7d6d7-8eb2-4fdb-a6d6-f1970847e449;mammalia;artiodactyla;suidae;phacochoerus;africanus;common warthog,warthog,0.9916,classifier,1055,198,1262
S1_K09_R1_PICT4926.jpg,empty,True,animal,animal,0.6714,1f689929-883d-4dae-958c-3d57ab5b6c16;;;;;;animal,animal,0.6714,detector,1067,206,1282
S1_K09_R1_PICT4942.jpg,warthog,False,animal,animal,0.9591,ccd7d6d7-8eb2-4fdb-a6d6-f1970847e449;mammalia;artiodactyla;suidae;phacochoerus;africanus;common warthog,warthog,0.9783,classifier,1090,195,1294
S1_K09_R1_PICT5561.jpg,warthog,False,animal,animal,0.9161,ccd7d6d7-8eb2-4fdb-a6d6-f1970847e449;mammalia;artiodactyla;suidae;phacochoerus;africanus;common warthog,warthog,0.943,classifier,1161,207,1379
S1_K09_R1_PICT5652.jpg,lion,False,animal,animal,0.8134,ddf59264-185a-4d35-b647-2785792bdf54;mammalia;carnivora;felidae;panthera;leo;lion,lion,0.9982,classifier,1060,197,1268
S1_K09_R1_PICT5748.jpg,lion,False,animal,animal,0.9546,ddf59264-185a-4d35-b647-2785792bdf54;mammalia;carnivora;felidae;panthera;leo;lion,lion,0.9754,classifier,1070,198,1276
S1_K09_R1_PICT5772.jpg,lion,False,animal,animal,0.9719,ddf59264-185a-4d35-b647-2785792bdf54;mammalia;carnivora;felidae;panthera;leo;lion,lion,0.997,classifier,1060,199,1269
S1_K09_R1_PICT5778.jpg,lion,False,animal,animal,0.7137,1f689929-883d-4dae-958c-3d57ab5b6c16;;;;;;animal,animal,0.7137,detector,1041,201,1251
S1_K09_R1_PICT5833.jpg,empty,True,empty,,,,,,,1070,,1079
S1_K09_R1_PICT6120.jpg,empty,True,animal,animal,0.4246,f2efdae9-efb8-48fb-8a91-eccf79ab4ffb;no cv result;no cv result;no cv result;no cv result;no cv result;no cv result,unknown,0.9609,classifier,1065,214,1288
S1_K09_R1_PICT6407.jpg,empty,True,empty,,,,,,,1083,,1092
S1_K09_R1_PICT6469.jpg,empty,True,animal,animal,0.3022,f2efdae9-efb8-48fb-8a91-eccf79ab4ffb;no cv result;no cv result;no cv result;no cv result;no cv result;no cv result,unknown,0.9869,classifier,1135,246,1391
S1_K10_R1_PICT0042.jpg,lion,False,animal,animal,0.8555,ddf59264-185a-4d35-b647-2785792bdf54;mammalia;carnivora;felidae;panthera;leo;lion,lion,0.9965,classifier,1054,197,1261
S1_K10_R1_PICT0150.jpg,empty,True,empty,,,,,,,1080,,1089
S1_K10_R1_PICT0272.jpg,elephant,False,animal,animal,0.7554,55631055-3e0e-4b7a-9612-dedebe9f78b0;mammalia;proboscidea;elephantidae;loxodonta;africana;african elephant,elephant,0.9993,classifier,1089,201,1298
S1_K10_R1_PICT0329.jpg,elephant,False,animal,animal,0.7357,55631055-3e0e-4b7a-9612-dedebe9f78b0;mammalia;proboscidea;elephantidae;loxodonta;africana;african elephant,elephant,0.9999,classifier,1066,198,1273
S1_K10_R1_PICT0373.jpg,elephant,False,animal,animal,0.9335,55631055-3e0e-4b7a-9612-dedebe9f78b0;mammalia;proboscidea;elephantidae;loxodonta;africana;african elephant,elephant,0.9999,classifier,1069,212,1290
S1_K10_R1_PICT0389.jpg,elephant,False,animal,animal,0.8259,55631055-3e0e-4b7a-9612-dedebe9f78b0;mammalia;proboscidea;elephantidae;loxodonta;africana;african elephant,elephant,0.9995,classifier,1053,198,1261
S1_K10_R1_PICT0676.jpg,empty,True,empty,,,,,,,1073,,1082
S1_K10_R1_PICT0720.jpg,empty,True,empty,,,,,,,1073,,1082
S1_K10_R1_PICT0764.jpg,empty,True,empty,,,,,,,1076,,1086
S1_K11_R1_PICT0080.jpg,empty,True,empty,,,,,,,1045,,1054
S1_K11_R1_PICT0553.jpg,empty,True,empty,,,,,,,1084,,1093
S1_K11_R1_PICT0984.jpg,empty,True,empty,,,,,,,1044,,1053
S1_K11_R1_PICT1288.jpg,empty,True,empty,,,,,,,1055,,1064
S1_K11_R1_PICT1535.jpg,empty,True,empty,,,,,,,1042,,1051
S1_K11_R1_PICT1981.jpg,empty,True,empty,,,,,,,1063,,1072
S1_K11_R1_PICT2042.jpg,empty,True,empty,,,,,,,1196,,1205
S1_K11_R1_PICT2493.jpg,empty,True,empty,,,,,,,1076,,1086
S1_K11_R1_PICT2665.jpg,empty,True,empty,,,,,,,1065,,1074
S1_K11_R1_PICT2696.jpg,empty,True,empty,,,,,,,1065,,1074
S1_K11_R1_PICT2865.jpg,empty,True,empty,,,,,,,1086,,1095
S1_K11_R1_PICT2927.jpg,empty,True,empty,,,,,,,1053,,1062
S1_K11_R1_PICT3082.jpg,empty,True,animal,animal,0.2363,f2efdae9-efb8-48fb-8a91-eccf79ab4ffb;no cv result;no cv result;no cv result;no cv result;no cv result;no cv result,unknown,0.984,classifier,1062,206,1278
S1_K11_R1_PICT3146.jpg,empty,True,empty,,,,,,,1048,,1057
S1_K11_R1_PICT3355.jpg,empty,True,empty,,,,,,,1081,,1090
S1_K11_R1_PICT3564.jpg,empty,True,empty,,,,,,,1052,,1060
S1_K11_R1_PICT3571.jpg,empty,True,empty,,,,,,,1176,,1185
S1_K11_R1_PICT3981.jpg,empty,True,empty,,,,,,,1143,,1152
S1_K11_R1_PICT4142.jpg,empty,True,empty,animal,0.114,,,,,1079,,1088
S1_K11_R1_PICT4376.jpg,empty,True,empty,,,,,,,1126,,1135
S1_K11_R1_PICT4680.jpg,empty,True,empty,,,,,,,1083,,1094
S1_K11_R1_PICT5022.jpg,empty,True,empty,,,,,,,1051,,1060
S1_K11_R1_PICT5385.jpg,empty,True,empty,,,,,,,1072,,1080
S1_K11_R1_PICT5502.jpg,empty,True,empty,,,,,,,1116,,1125
S1_K11_R1_PICT6068.jpg,empty,True,empty,,,,,,,1065,,1075
S1_K11_R1_PICT6123.jpg,empty,True,empty,,,,,,,1059,,1068
S1_K12_R1_PICT0513.jpg,empty,True,empty,,,,,,,1066,,1076
S1_K12_R1_PICT0610.jpg,empty,True,empty,,,,,,,1050,,1060
S1_K12_R1_PICT0849.jpg,empty,True,empty,,,,,,,1053,,1062
S1_K12_R1_PICT1069.jpg,empty,True,empty,,,,,,,1058,,1067
S1_K12_R1_PICT1410.jpg,empty,True,empty,,,,,,,1052,,1062
S1_K12_R1_PICT1755.jpg,empty,True,empty,,,,,,,1047,,1056
S1_K12_R1_PICT2116.jpg,empty,True,empty,,,,,,,1055,,1064
S1_K12_R1_PICT2167.jpg,empty,True,empty,,,,,,,1053,,1063
S1_K12_R1_PICT2310.jpg,empty,True,empty,,,,,,,1091,,1101
S1_K12_R1_PICT2346.jpg,empty,True,empty,,,,,,,1073,,1082
S1_K12_R1_PICT2487.jpg,empty,True,empty,,,,,,,1070,,1081
S1_K12_R1_PICT2754.jpg,empty,True,empty,,,,,,,1057,,1066
S1_K12_R1_PICT3347.jpg,empty,True,empty,,,,,,,1082,,1092
S1_K12_R1_PICT4420.jpg,empty,True,empty,,,,,,,1058,,1067
S1_K12_R1_PICT4822.jpg,empty,True,empty,,,,,,,1041,,1050
S1_K12_R1_PICT4992.jpg,empty,True,empty,,,,,,,1059,,1069
S1_K12_R1_PICT4998.jpg,empty,True,empty,,,,,,,1058,,1068
S1_K12_R1_PICT5036.jpg,empty,True,empty,,,,,,,1076,,1085
S1_K12_R1_PICT5193.jpg,empty,True,empty,,,,,,,1080,,1089
S1_K12_R1_PICT5316.jpg,empty,True,empty,,,,,,,1092,,1101
S1_K12_R1_PICT5469.jpg,empty,True,empty,,,,,,,1040,,1048
S1_K12_R1_PICT5587.jpg,empty,True,empty,,,,,,,1067,,1076
S1_K12_R1_PICT6059.jpg,empty,True,empty,,,,,,,1050,,1060
S1_K12_R1_PICT6236.jpg,empty,True,empty,,,,,,,1069,,1078
S1_K13_R1_PICT0280.jpg,gazelle,False,animal,animal,0.9117,dc5dbe17-a8ca-40a6-ac6a-3b6b1d63e6d6;mammalia;artiodactyla;bovidae;eudorcas;thomsonii;thomson's gazelle,gazelle,0.8422,classifier,1037,276,1322
S1_L03_R1_PICT0087.jpg,zebra,False,animal,animal,0.9155,dd39bbd5-077c-482e-9d33-bd176116c870;mammalia;perissodactyla;equidae;equus;quagga;plains zebra,zebra,0.9609,classifier,1071,196,1275
S1_L03_R1_PICT0305.jpg,zebra,False,animal,animal,0.9042,dd39bbd5-077c-482e-9d33-bd176116c870;mammalia;perissodactyla;equidae;equus;quagga;plains zebra,zebra,0.9543,classifier,1054,204,1267
S1_L03_R1_PICT0345.jpg,zebra,False,animal,animal,0.971,dd39bbd5-077c-482e-9d33-bd176116c870;mammalia;perissodactyla;equidae;equus;quagga;plains zebra,zebra,0.9777,classifier,1056,200,1265
S1_L03_R1_PICT0384.jpg,elephant,False,animal,animal,0.968,55631055-3e0e-4b7a-9612-dedebe9f78b0;mammalia;proboscidea;elephantidae;loxodonta;africana;african elephant,elephant,0.9976,classifier,1072,196,1277
S1_L04_R1_PICT0014.jpg,empty,True,empty,,,,,,,1044,,1054
S1_L04_R1_PICT0320.jpg,empty,True,empty,,,,,,,1064,,1072
S1_L04_R1_PICT0406.jpg,empty,True,empty,,,,,,,1047,,1056
S1_L04_R1_PICT0435.jpg,empty,True,empty,,,,,,,1048,,1058
S1_L04_R1_PICT0715.jpg,empty,True,empty,,,,,,,1053,,1063
S1_L04_R1_PICT0846.jpg,empty,True,empty,,,,,,,1059,,1069
S1_L04_R1_PICT0921.jpg,empty,True,empty,,,,,,,1072,,1081
S1_L04_R1_PICT1218.jpg,empty,True,empty,,,,,,,1055,,1063
S1_L04_R1_PICT1287.jpg,buffalo,False,animal,animal,0.9361,9732cefb-6a08-49f6-b61e-b9a9054368c4;mammalia;artiodactyla;bovidae;syncerus;caffer;african buffalo,buffalo,0.9891,classifier,1062,197,1267
S1_L04_R1_PICT1719.jpg,empty,True,empty,,,,,,,1051,,1061
S1_L04_R1_PICT1932.jpg,empty,True,empty,,,,,,,1052,,1061
S1_L04_R1_PICT2422.jpg,empty,True,empty,,,,,,,1060,,1069
S1_L04_R1_PICT2686.jpg,empty,True,empty,,,,,,,1049,,1058
S1_L04_R1_PICT2871.jpg,empty,True,empty,,,,,,,1057,,1066
S1_L04_R1_PICT2874.jpg,empty,True,empty,,,,,,,1055,,1064
S1_L04_R1_PICT3655.jpg,empty,True,empty,,,,,,,1057,,1067
S1_L05_R1_PICT0220.jpg,empty,True,empty,,,,,,,1208,,1217
S1_L05_R1_PICT0730.jpg,empty,True,empty,,,,,,,1119,,1128
S1_L05_R1_PICT1107.jpg,empty,True,empty,,,,,,,1126,,1135
S1_L05_R1_PICT1221.jpg,empty,True,empty,,,,,,,1093,,1102
S1_L05_R1_PICT1258.jpg,empty,True,empty,,,,,,,1073,,1082
S1_L05_R1_PICT1359.jpg,empty,True,empty,,,,,,,1050,,1059
S1_L05_R1_PICT1384.jpg,empty,True,empty,,,,,,,1108,,1116
S1_L05_R1_PICT1593.jpg,empty,True,empty,,,,,,,1080,,1089
S1_L05_R1_PICT2283.jpg,empty,True,empty,,,,,,,1070,,1080
S1_L05_R1_PICT2463.jpg,empty,True,empty,,,,,,,1066,,1075
S1_L05_R1_PICT2713.jpg,empty,True,empty,,,,,,,1067,,1076
S1_L05_R1_PICT3022.jpg,empty,True,empty,,,,,,,1049,,1059
S1_L05_R1_PICT3178.jpg,empty,True,empty,,,,,,,1061,,1070
S1_L05_R1_PICT3264.jpg,empty,True,empty,,,,,,,1074,,1083
S1_L05_R1_PICT3274.jpg,empty,True,empty,,,,,,,1054,,1063
S1_L05_R1_PICT3361.jpg,empty,True,empty,,,,,,,1050,,1059
S1_L05_R1_PICT3418.jpg,empty,True,empty,,,,,,,1070,,1078
S1_L05_R1_PICT3499.jpg,empty,True,empty,,,,,,,1111,,1120
S1_L05_R1_PICT3936.jpg,empty,True,animal,animal,0.2203,f2efdae9-efb8-48fb-8a91-eccf79ab4ffb;no cv result;no cv result;no cv result;no cv result;no cv result;no cv result,unknown,0.9842,classifier,1052,268,1329
S1_L05_R1_PICT4268.jpg,empty,True,empty,,,,,,,1136,,1145
S1_L05_R1_PICT4795.jpg,empty,True,empty,,,,,,,1114,,1124
S1_L05_R1_PICT5361.jpg,empty,True,empty,,,,,,,1043,,1054
S1_L05_R1_PICT5798.jpg,empty,True,empty,,,,,,,1117,,1126
S1_L05_R1_PICT5963.jpg,empty,True,empty,,,,,,,1043,,1051
S1_L05_R1_PICT5967.jpg,empty,True,empty,,,,,,,1050,,1059
S1_L06_R1_PICT0119.jpg,lion,False,animal,animal,0.8452,ddf59264-185a-4d35-b647-2785792bdf54;mammalia;carnivora;felidae;panthera;leo;lion,lion,0.8889,classifier,1051,206,1267
S1_L06_R1_PICT0149.jpg,hyena,False,animal,animal,0.9517,dce8d520-a3f6-4ed7-a434-bfe98f81a03d;mammalia;carnivora;hyaenidae;crocuta;crocuta;spotted hyaena,hyena,0.7751,classifier,1066,197,1272
S1_L06_R1_PICT0186.jpg,warthog,False,animal,animal,0.7865,ccd7d6d7-8eb2-4fdb-a6d6-f1970847e449;mammalia;artiodactyla;suidae;phacochoerus;africanus;common warthog,warthog,0.991,classifier,1083,208,1299
S1_L06_R1_PICT0234.jpg,warthog,False,animal,animal,0.9176,ccd7d6d7-8eb2-4fdb-a6d6-f1970847e449;mammalia;artiodactyla;suidae;phacochoerus;africanus;common warthog,warthog,0.972,classifier,1064,196,1269
S1_L06_R1_PICT0253.jpg,warthog,False,animal,animal,0.799,ccd7d6d7-8eb2-4fdb-a6d6-f1970847e449;mammalia;artiodactyla;suidae;phacochoerus;africanus;common warthog,warthog,0.9694,classifier,1054,196,1259
S1_L06_R1_PICT0423.jpg,wildebeest,False,animal,animal,0.9193,ccd7d6d7-8eb2-4fdb-a6d6-f1970847e449;mammalia;artiodactyla;suidae;phacochoerus;africanus;common warthog,warthog,0.8324,classifier,1060,211,1281
S1_L06_R1_PICT0427.jpg,empty,True,empty,,,,,,,1060,,1070
S1_L06_R1_PICT0453.jpg,warthog,False,animal,animal,0.8875,ccd7d6d7-8eb2-4fdb-a6d6-f1970847e449;mammalia;artiodactyla;suidae;phacochoerus;africanus;common warthog,warthog,0.9803,classifier,1046,208,1263
S1_L06_R1_PICT0455.jpg,warthog,False,animal,animal,0.8792,ccd7d6d7-8eb2-4fdb-a6d6-f1970847e449;mammalia;artiodactyla;suidae;phacochoerus;africanus;common warthog,warthog,0.9711,classifier,1067,195,1270
S1_L06_R1_PICT0479.jpg,warthog,False,animal,animal,0.8772,ccd7d6d7-8eb2-4fdb-a6d6-f1970847e449;mammalia;artiodactyla;suidae;phacochoerus;africanus;common warthog,warthog,0.9496,classifier,1061,195,1265
S1_L06_R1_PICT0482.jpg,warthog,False,animal,animal,0.8042,ccd7d6d7-8eb2-4fdb-a6d6-f1970847e449;mammalia;artiodactyla;suidae;phacochoerus;africanus;common warthog,warthog,0.979,classifier,1047,211,1267
S1_L06_R1_PICT0537.jpg,warthog,False,animal,animal,0.9266,ccd7d6d7-8eb2-4fdb-a6d6-f1970847e449;mammalia;artiodactyla;suidae;phacochoerus;africanus;common warthog,warthog,0.9691,classifier,1067,197,1273
S1_L06_R1_PICT0549.jpg,warthog,False,animal,animal,0.9609,ccd7d6d7-8eb2-4fdb-a6d6-f1970847e449;mammalia;artiodactyla;suidae;phacochoerus;africanus;common warthog,warthog,0.9902,classifier,1061,198,1268
S1_L06_R1_PICT0745.jpg,empty,True,empty,animal,0.1056,,,,,1133,,1141
S1_L07_R1_PICT0103.jpg,giraffe,False,animal,animal,0.9231,2dca052b-dff5-4cc9-8072-1282c5713286;mammalia;artiodactyla;giraffidae;giraffa;camelopardalis;giraffe,giraffe,0.9876,classifier,1080,197,1285
S1_L07_R1_PICT0219.jpg,giraffe,False,animal,animal,0.7971,2dca052b-dff5-4cc9-8072-1282c5713286;mammalia;artiodactyla;giraffidae;giraffa;camelopardalis;giraffe,giraffe,0.9948,classifier,1038,206,1252
S1_L07_R1_PICT0232.jpg,giraffe,False,animal,animal,0.8538,2dca052b-dff5-4cc9-8072-1282c5713286;mammalia;artiodactyla;giraffidae;giraffa;camelopardalis;giraffe,giraffe,0.9485,classifier,1068,195,1271
S1_L07_R1_PICT0329.jpg,zebra,False,animal,animal,0.9031,dd39bbd5-077c-482e-9d33-bd176116c870;mammalia;perissodactyla;equidae;equus;quagga;plains zebra,zebra,0.9741,classifier,1088,197,1293
S1_L07_R1_PICT0338.jpg,giraffe,False,animal,animal,0.9768,2dca052b-dff5-4cc9-8072-1282c5713286;mammalia;artiodactyla;giraffidae;giraffa;camelopardalis;giraffe,giraffe,0.9944,classifier,1050,198,1257
S1_L07_R1_PICT0341.jpg,giraffe,False,animal,animal,0.9169,2dca052b-dff5-4cc9-8072-1282c5713286;mammalia;artiodactyla;giraffidae;giraffa;camelopardalis;giraffe,giraffe,0.9947,classifier,1087,195,1291
S1_L07_R1_PICT0364.jpg,elephant,False,animal,animal,0.7617,55631055-3e0e-4b7a-9612-dedebe9f78b0;mammalia;proboscidea;elephantidae;loxodonta;africana;african elephant,elephant,0.9993,classifier,1040,226,1275
S1_L07_R1_PICT0532.jpg,empty,True,empty,,,,,,,1054,,1064
S1_L07_R1_PICT1477.jpg,empty,True,empty,,,,,,,1075,,1085
S1_L07_R1_PICT1511.jpg,empty,True,empty,,,,,,,1038,,1048
S1_L07_R1_PICT1794.jpg,empty,True,empty,,,,,,,1057,,1067
S1_L07_R1_PICT1832.jpg,empty,True,empty,,,,,,,1074,,1083
S1_L07_R1_PICT2320.jpg,empty,True,empty,,,,,,,1214,,1223
S1_L07_R1_PICT2460.jpg,empty,True,empty,,,,,,,1262,,1272
S1_L07_R1_PICT2511.jpg,empty,True,empty,,,,,,,1110,,1120
S1_L07_R1_PICT2578.jpg,empty,True,empty,,,,,,,1085,,1095
S1_L07_R1_PICT2925.jpg,empty,True,empty,,,,,,,1157,,1167
S1_L07_R1_PICT3259.jpg,empty,True,empty,,,,,,,1111,,1120
S1_L07_R1_PICT4311.jpg,empty,True,empty,,,,,,,1057,,1067
S1_L08_R1_PICT0184.jpg,gazelle,False,animal,animal,0.9696,dc5dbe17-a8ca-40a6-ac6a-3b6b1d63e6d6;mammalia;artiodactyla;bovidae;eudorcas;thomsonii;thomson's gazelle,gazelle,0.9842,classifier,1133,240,1382
S1_L08_R1_PICT0556.jpg,warthog,False,animal,animal,0.9394,ccd7d6d7-8eb2-4fdb-a6d6-f1970847e449;mammalia;artiodactyla;suidae;phacochoerus;africanus;common warthog,warthog,0.9682,classifier,1085,196,1291
S1_L08_R1_PICT0673.jpg,lion,False,animal,animal,0.953,ddf59264-185a-4d35-b647-2785792bdf54;mammalia;carnivora;felidae;panthera;leo;lion,lion,0.9925,classifier,1075,214,1298
S1_L08_R1_PICT1757.jpg,empty,True,empty,,,,,,,1095,,1105
S1_L08_R1_PICT2557.jpg,empty,True,empty,,,,,,,1059,,1068
S1_L08_R1_PICT3327.jpg,empty,True,empty,,,,,,,1053,,1062
S1_L08_R1_PICT4093.jpg,empty,True,empty,animal,0.1902,,,,,1074,,1082
S1_L08_R1_PICT4194.jpg,empty,True,empty,,,,,,,1061,,1069
S1_L08_R1_PICT4276.jpg,empty,True,empty,,,,,,,1055,,1065
S1_L08_R1_PICT4787.jpg,empty,True,empty,,,,,,,1075,,1085
S1_L08_R1_PICT4974.jpg,empty,True,empty,,,,,,,1055,,1064
S1_L08_R1_PICT5062.jpg,empty,True,empty,,,,,,,1056,,1065
S1_L08_R1_PICT5527.jpg,empty,True,empty,,,,,,,1078,,1087
S1_L08_R1_PICT5845.jpg,empty,True,empty,,,,,,,1066,,1075
S1_L08_R1_PICT5991.jpg,empty,True,empty,,,,,,,1050,,1059
S1_L10_R1_PICT0252.jpg,hyena,False,animal,animal,0.9736,dce8d520-a3f6-4ed7-a434-bfe98f81a03d;mammalia;carnivora;hyaenidae;crocuta;crocuta;spotted hyaena,hyena,0.9779,classifier,1060,205,1275
S1_L10_R2_PICT0305.jpg,empty,True,empty,,,,,,,1050,,1060
S1_L10_R2_PICT0323.jpg,empty,True,empty,,,,,,,1059,,1068
S1_L10_R2_PICT0542.jpg,empty,True,empty,,,,,,,1058,,1067
S1_L10_R2_PICT1429.jpg,empty,True,empty,,,,,,,1149,,1158
S1_L10_R2_PICT1570.jpg,empty,True,empty,,,,,,,1061,,1071
S1_L10_R2_PICT1670.jpg,empty,True,empty,,,,,,,1068,,1078
S1_L10_R2_PICT2151.jpg,empty,True,empty,,,,,,,1140,,1149
S1_L10_R2_PICT2184.jpg,empty,True,empty,,,,,,,1044,,1053
S1_L10_R2_PICT2327.jpg,empty,True,empty,,,,,,,1098,,1108
S1_L10_R2_PICT2978.jpg,empty,True,empty,,,,,,,1140,,1151
S1_L10_R2_PICT2981.jpg,empty,True,empty,,,,,,,1167,,1177
S1_L10_R2_PICT3067.jpg,empty,True,empty,,,,,,,1229,,1241
S1_L10_R2_PICT3330.jpg,empty,True,empty,,,,,,,1272,,1283
S1_L10_R2_PICT3548.jpg,empty,True,empty,,,,,,,1323,,1336
S1_L10_R2_PICT3585.jpg,empty,True,empty,,,,,,,1402,,1416
S1_L10_R2_PICT4089.jpg,empty,True,empty,,,,,,,1392,,1406
S1_L10_R2_PICT4284.jpg,empty,True,empty,,,,,,,1472,,1486
S1_L10_R2_PICT4355.jpg,empty,True,empty,,,,,,,1463,,1477
S1_L10_R2_PICT4740.jpg,empty,True,empty,,,,,,,1558,,1572
S1_L10_R2_PICT4907.jpg,empty,True,empty,,,,,,,1492,,1506
S1_L10_R2_PICT5116.jpg,empty,True,empty,,,,,,,1517,,1532
S1_L10_R2_PICT5639.jpg,empty,True,empty,,,,,,,1492,,1506
S1_L10_R2_PICT6086.jpg,empty,True,empty,,,,,,,1466,,1481
S1_L10_R2_PICT6123.jpg,empty,True,empty,,,,,,,1546,,1560
S1_L12_R1_PICT0561.jpg,empty,True,empty,,,,,,,1481,,1495
S1_L12_R1_PICT0619.jpg,empty,True,empty,,,,,,,1490,,1504
S1_L12_R1_PICT0822.jpg,empty,True,empty,,,,,,,1840,,1854
S1_L12_R1_PICT0925.jpg,empty,True,empty,animal,0.1053,,,,,1694,,1722
S1_L12_R1_PICT1064.jpg,empty,True,empty,,,,,,,1623,,1640
S1_L12_R1_PICT1335.jpg,empty,True,empty,,,,,,,1642,,1658
S1_L12_R1_PICT1341.jpg,warthog,False,animal,animal,0.9085,ccd7d6d7-8eb2-4fdb-a6d6-f1970847e449;mammalia;artiodactyla;suidae;phacochoerus;africanus;common warthog,warthog,0.9508,classifier,1575,458,2049
S1_L12_R1_PICT1372.jpg,empty,True,empty,,,,,,,1577,,1594
S1_L12_R1_PICT1462.jpg,empty,True,empty,,,,,,,1580,,1596
S1_L12_R1_PICT1588.jpg,empty,True,empty,,,,,,,1560,,1578
S1_L12_R1_PICT1841.jpg,empty,True,empty,,,,,,,1555,,1570
S1_L12_R1_PICT1991.jpg,empty,True,empty,,,,,,,1533,,1549
S1_L12_R1_PICT2126.jpg,empty,True,empty,,,,,,,1502,,1516
S1_L12_R1_PICT2296.jpg,empty,True,empty,,,,,,,1504,,1518
S1_L12_R1_PICT2335.jpg,empty,True,empty,,,,,,,1514,,1528
S1_L12_R1_PICT2426.jpg,empty,True,empty,,,,,,,1594,,1610
S1_L12_R1_PICT2677.jpg,empty,True,empty,,,,,,,1539,,1553
S1_L12_R1_PICT3069.jpg,empty,True,empty,,,,,,,1514,,1528
S1_L12_R1_PICT3181.jpg,empty,True,empty,,,,,,,1509,,1523
S1_L12_R1_PICT3554.jpg,empty,True,empty,,,,,,,1470,,1484
S1_L12_R1_PICT3639.jpg,empty,True,empty,,,,,,,1556,,1570
S1_L12_R1_PICT3777.jpg,empty,True,empty,,,,,,,1554,,1568
S1_L12_R1_PICT4242.jpg,empty,True,empty,,,,,,,1492,,1509
S1_L12_R1_PICT4427.jpg,empty,True,empty,,,,,,,1505,,1520
S1_L12_R1_PICT4689.jpg,empty,True,empty,,,,,,,1529,,1543
S1_L12_R1_PICT4947.jpg,empty,True,empty,,,,,,,1493,,1507
S1_L12_R1_PICT5165.jpg,empty,True,empty,,,,,,,1532,,1546
S1_L12_R1_PICT6156.jpg,empty,True,empty,,,,,,,1611,,1625
S1_L13_R1_PICT0542.jpg,giraffe,False,animal,animal,0.9361,2dca052b-dff5-4cc9-8072-1282c5713286;mammalia;artiodactyla;giraffidae;giraffa;camelopardalis;giraffe,giraffe,0.9917,classifier,1595,324,1933
S1_L13_R1_PICT0552.jpg,giraffe,False,animal,animal,0.9595,2dca052b-dff5-4cc9-8072-1282c5713286;mammalia;artiodactyla;giraffidae;giraffa;camelopardalis;giraffe,giraffe,0.9931,classifier,1519,263,1797
S1_M04_R1_PICT0015.jpg,lion,False,animal,animal,0.9464,ddf59264-185a-4d35-b647-2785792bdf54;mammalia;carnivora;felidae;panthera;leo;lion,lion,0.9983,classifier,1450,312,1776
S1_M04_R1_PICT0074.jpg,lion,False,animal,animal,0.962,ddf59264-185a-4d35-b647-2785792bdf54;mammalia;carnivora;felidae;panthera;leo;lion,lion,0.7379,classifier,1555,278,1846
S1_M04_R1_PICT0183.jpg,empty,True,empty,,,,,,,1533,,1548
S1_M04_R1_PICT0233.jpg,empty,True,animal,animal,0.6306,1f689929-883d-4dae-958c-3d57ab5b6c16;;;;;;animal,animal,0.6306,detector,1463,268,1746
S1_M04_R1_PICT0369.jpg,warthog,False,animal,animal,0.8689,ccd7d6d7-8eb2-4fdb-a6d6-f1970847e449;mammalia;artiodactyla;suidae;phacochoerus;africanus;common warthog,warthog,0.9878,classifier,1508,269,1792
S1_M04_R1_PICT0389.jpg,warthog,False,empty,,,,,,,1513,,1527
S1_M04_R1_PICT0517.jpg,hyena,False,animal,animal,0.7986,1f689929-883d-4dae-958c-3d57ab5b6c16;;;;;;animal,animal,0.7986,detector,1500,273,1788
S1_M05_R1_PICT0027.jpg,hyena,False,animal,animal,0.9224,dce8d520-a3f6-4ed7-a434-bfe98f81a03d;mammalia;carnivora;hyaenidae;crocuta;crocuta;spotted hyaena,hyena,0.9976,classifier,1495,271,1780
S1_M05_R1_PICT0157.jpg,hyena,False,animal,animal,0.9047,dce8d520-a3f6-4ed7-a434-bfe98f81a03d;mammalia;carnivora;hyaenidae;crocuta;crocuta;spotted hyaena,hyena,0.9987,classifier,1525,346,1893
S1_M07_R1_PICT0061.jpg,lion,False,animal,animal,0.956,ddf59264-185a-4d35-b647-2785792bdf54;mammalia;carnivora;felidae;panthera;leo;lion,lion,0.9915,classifier,1720,312,2047
S1_M07_R1_PICT0207.jpg,empty,True,empty,,,,,,,1583,,1599
S1_M07_R1_PICT0486.jpg,empty,True,empty,,,,,,,1591,,1607
S1_M07_R1_PICT0601.jpg,empty,True,empty,,,,,,,1573,,1590
S1_M07_R1_PICT0727.jpg,empty,True,empty,,,,,,,1606,,1622
S1_M07_R1_PICT0989.jpg,empty,True,animal,animal,0.3397,f2efdae9-efb8-48fb-8a91-eccf79ab4ffb;no cv result;no cv result;no cv result;no cv result;no cv result;no cv result,unknown,0.9763,classifier,1570,288,1875
S1_M07_R1_PICT1028.jpg,empty,True,empty,,,,,,,1502,,1517
S1_M08_R1_PICT0166.jpg,gazelle,False,animal,animal,0.764,8c48ed75-e275-4188-a6b1-55929d298e85;mammalia;artiodactyla;bovidae;nanger;granti;grant's gazelle,gazelle,0.9146,classifier,1502,292,1810
S1_M08_R1_PICT0193.jpg,empty,True,empty,,,,,,,1497,,1509
S1_M09_R1_PICT0044.jpg,gazelle,False,animal,animal,0.9227,8c48ed75-e275-4188-a6b1-55929d298e85;mammalia;artiodactyla;bovidae;nanger;granti;grant's gazelle,gazelle,0.978,classifier,1515,283,1811
S1_M09_R1_PICT0275.jpg,lion,False,animal,animal,0.9718,ddf59264-185a-4d35-b647-2785792bdf54;mammalia;carnivora;felidae;panthera;leo;lion,lion,0.9995,classifier,1485,290,1789
S1_M09_R1_PICT0340.jpg,warthog,False,animal,animal,0.8827,ccd7d6d7-8eb2-4fdb-a6d6-f1970847e449;mammalia;artiodactyla;suidae;phacochoerus;africanus;common warthog,warthog,0.9235,classifier,1469,267,1749
S1_M09_R1_PICT0427.jpg,warthog,False,animal,animal,0.9297,ccd7d6d7-8eb2-4fdb-a6d6-f1970847e449;mammalia;artiodactyla;suidae;phacochoerus;africanus;common warthog,warthog,0.9852,classifier,1548,274,1835
S1_M09_R1_PICT0483.jpg,empty,True,empty,,,,,,,1520,,1535
S1_M09_R1_PICT0492.jpg,warthog,False,animal,animal,0.974,ccd7d6d7-8eb2-4fdb-a6d6-f1970847e449;mammalia;artiodactyla;suidae;phacochoerus;africanus;common warthog,warthog,0.989,classifier,1485,263,1760
S1_M09_R1_PICT0569.jpg,hyena,False,animal,animal,0.8656,dce8d520-a3f6-4ed7-a434-bfe98f81a03d;mammalia;carnivora;hyaenidae;crocuta;crocuta;spotted hyaena,hyena,0.9968,classifier,1598,286,1898
S1_M10_R1_PICT0011.jpg,hyena,False,animal,animal,0.9053,dce8d520-a3f6-4ed7-a434-bfe98f81a03d;mammalia;carnivora;hyaenidae;crocuta;crocuta;spotted hyaena,hyena,0.9952,classifier,1507,297,1820
S1_M10_R1_PICT0027.jpg,empty,True,empty,,,,,,,1540,,1555
S1_M10_R1_PICT0052.jpg,empty,True,animal,animal,0.6218,1f689929-883d-4dae-958c-3d57ab5b6c16;;;;;;animal,animal,0.6218,detector,1515,271,1801
S1_M12_R1_PICT0318.jpg,empty,True,empty,,,,,,,1525,,1541
S1_M13_R2_PICT0121.jpg,empty,True,empty,,,,,,,1489,,1500
S1_M13_R2_PICT0317.jpg,empty,True,empty,,,,,,,1545,,1555
S1_M13_R2_PICT0532.jpg,empty,True,empty,,,,,,,1543,,1552
S1_N04_R1_PICT0274.jpg,empty,True,empty,,,,,,,1507,,1520
S1_N04_R1_PICT0465.jpg,empty,True,empty,,,,,,,1493,,1506
S1_N04_R1_PICT0543.jpg,empty,True,empty,,,,,,,1465,,1479
S1_N04_R1_PICT0580.jpg,empty,True,empty,,,,,,,1499,,1512
S1_N04_R1_PICT0759.jpg,empty,True,empty,,,,,,,1473,,1487
S1_N04_R1_PICT0887.jpg,empty,True,empty,,,,,,,1553,,1567
S1_N04_R1_PICT0915.jpg,impala,False,animal,animal,0.925,c134e0ab-cf96-45ec-bae6-60b94995f71b;mammalia;artiodactyla;bovidae;aepyceros;melampus;impala,impala,0.9622,classifier,1491,293,1799
S1_N04_R1_PICT1380.jpg,zebra,False,animal,animal,0.9495,dd39bbd5-077c-482e-9d33-bd176116c870;mammalia;perissodactyla;equidae;equus;quagga;plains zebra,zebra,0.9659,classifier,1484,259,1757
S1_N04_R1_PICT1455.jpg,zebra,False,animal,animal,0.9255,dd39bbd5-077c-482e-9d33-bd176116c870;mammalia;perissodactyla;equidae;equus;quagga;plains zebra,zebra,0.9573,classifier,1517,274,1805
S1_N04_R1_PICT1476.jpg,zebra,False,animal,animal,0.925,dd39bbd5-077c-482e-9d33-bd176116c870;mammalia;perissodactyla;equidae;equus;quagga;plains zebra,zebra,0.9936,classifier,1484,263,1760
S1_N04_R1_PICT1596.jpg,giraffe,False,animal,animal,0.9396,2dca052b-dff5-4cc9-8072-1282c5713286;mammalia;artiodactyla;giraffidae;giraffa;camelopardalis;giraffe,giraffe,0.9891,classifier,1470,290,1774
S1_N04_R1_PICT1684.jpg,empty,True,animal,animal,0.2793,f1856211-cfb7-4a5b-9158-c0f72fd09ee6;;;;;;blank,blank,0.9976,classifier,1502,296,1812
S1_N04_R1_PICT1942.jpg,empty,True,empty,,,,,,,1646,,1659
S1_N04_R1_PICT2067.jpg,empty,True,empty,animal,0.1382,,,,,1665,,1685
S1_N04_R1_PICT2518.jpg,zebra,False,animal,animal,0.8946,dd39bbd5-077c-482e-9d33-bd176116c870;mammalia;perissodactyla;equidae;equus;quagga;plains zebra,zebra,0.961,classifier,1559,262,1836
S1_N04_R1_PICT3031.jpg,empty,True,empty,,,,,,,1602,,1616
S1_N04_R1_PICT3454.jpg,empty,True,empty,animal,0.1768,,,,,1589,,1604
S1_N04_R1_PICT3790.jpg,empty,True,empty,,,,,,,1646,,1661
S1_N04_R1_PICT3952.jpg,empty,True,empty,,,,,,,1564,,1579
S1_N04_R1_PICT4440.jpg,empty,True,empty,,,,,,,1484,,1497
S1_N04_R1_PICT4664.jpg,empty,True,empty,,,,,,,1614,,1627
S1_N04_R1_PICT5323.jpg,empty,True,empty,,,,,,,1544,,1558
S1_N04_R1_PICT5740.jpg,empty,True,empty,,,,,,,1479,,1493
S1_N05_R1_PICT0402.jpg,empty,True,empty,,,,,,,1525,,1539
S1_N05_R1_PICT0781.jpg,empty,True,empty,,,,,,,1499,,1514
S1_N05_R1_PICT0884.jpg,empty,True,empty,,,,,,,1471,,1485
S1_N05_R1_PICT1106.jpg,empty,True,empty,,,,,,,1550,,1566
S1_N05_R1_PICT1114.jpg,empty,True,empty,,,,,,,1488,,1502
S1_N05_R1_PICT1187.jpg,empty,True,empty,,,,,,,1507,,1521
S1_N05_R1_PICT1453.jpg,empty,True,empty,,,,,,,1461,,1475
S1_N05_R1_PICT1930.jpg,empty,True,empty,,,,,,,1518,,1533
S1_N05_R1_PICT2025.jpg,empty,True,empty,,,,,,,1542,,1556
S1_N05_R1_PICT2581.jpg,empty,True,empty,,,,,,,1590,,1604
S1_N05_R1_PICT2616.jpg,empty,True,animal,animal,0.4551,f2efdae9-efb8-48fb-8a91-eccf79ab4ffb;no cv result;no cv result;no cv result;no cv result;no cv result;no cv result,unknown,0.6374,classifier,1559,361,1935
S1_N05_R1_PICT2640.jpg,empty,True,empty,,,,,,,1536,,1549
S1_N05_R1_PICT2817.jpg,empty,True,empty,,,,,,,1458,,1472
S1_N05_R1_PICT2828.jpg,impala,False,animal,animal,0.9525,c134e0ab-cf96-45ec-bae6-60b94995f71b;mammalia;artiodactyla;bovidae;aepyceros;melampus;impala,impala,0.8846,classifier,1529,286,1829
S1_N05_R1_PICT2831.jpg,impala,False,animal,animal,0.9641,c134e0ab-cf96-45ec-bae6-60b94995f71b;mammalia;artiodactyla;bovidae;aepyceros;melampus;impala,impala,0.8847,classifier,1546,265,1827
S1_N05_R1_PICT3102.jpg,empty,True,empty,,,,,,,1472,,1486
S1_N05_R1_PICT3145.jpg,empty,True,empty,,,,,,,1462,,1477
S1_N05_R1_PICT3190.jpg,empty,True,empty,,,,,,,1496,,1510
S1_N05_R1_PICT3393.jpg,empty,True,empty,,,,,,,1479,,1493
S1_N05_R1_PICT3580.jpg,empty,True,empty,,,,,,,1444,,1458
S1_N05_R1_PICT3856.jpg,empty,True,empty,,,,,,,1561,,1575
S1_N05_R1_PICT4166.jpg,empty,True,empty,,,,,,,1496,,1510
S1_N05_R1_PICT4336.jpg,empty,True,empty,,,,,,,1500,,1513
S1_N05_R1_PICT4339.jpg,empty,True,empty,,,,,,,1453,,1470
S1_N05_R1_PICT4483.jpg,empty,True,empty,,,,,,,1509,,1523
S1_N05_R1_PICT4774.jpg,empty,True,empty,,,,,,,1542,,1556
S1_N05_R1_PICT5456.jpg,empty,True,empty,,,,,,,1511,,1525
S1_N05_R1_PICT5556.jpg,empty,True,empty,,,,,,,1566,,1581
S1_N05_R1_PICT6128.jpg,empty,True,empty,,,,,,,1652,,1668
S1_N05_R1_PICT6268.jpg,empty,True,empty,,,,,,,1588,,1602
S1_N06_R1_PICT0278.jpg,warthog,False,animal,animal,0.9594,ccd7d6d7-8eb2-4fdb-a6d6-f1970847e449;mammalia;artiodactyla;suidae;phacochoerus;africanus;common warthog,warthog,0.9432,classifier,1477,357,1850
S1_N08_R1_PICT0517.jpg,empty,True,empty,,,,,,,1637,,1646
S1_N08_R1_PICT0560.jpg,empty,True,empty,,,,,,,1569,,1584
S1_N08_R1_PICT0762.jpg,empty,True,empty,,,,,,,1667,,1685
S1_N10_R1_PICT0101.jpg,lion,False,animal,animal,0.8166,ccd7d6d7-8eb2-4fdb-a6d6-f1970847e449;mammalia;artiodactyla;suidae;phacochoerus;africanus;common warthog,warthog,0.9909,classifier,1599,288,1901
S1_N10_R1_PICT0374.jpg,empty,True,empty,,,,,,,1600,,1616
S1_N11_R1_PICT0092.jpg,empty,True,empty,,,,,,,1524,,1540
S1_N11_R1_PICT0225.jpg,empty,True,empty,,,,,,,1494,,1512
S1_N11_R1_PICT0377.jpg,empty,True,animal,animal,0.2754,f1856211-cfb7-4a5b-9158-c0f72fd09ee6;;;;;;blank,blank,0.9977,classifier,1570,342,1925
S1_N11_R1_PICT0644.jpg,empty,True,empty,,,,,,,1603,,1619
S1_N12_R1_PICT0016.jpg,hyena,False,animal,animal,0.8714,dce8d520-a3f6-4ed7-a434-bfe98f81a03d;mammalia;carnivora;hyaenidae;crocuta;crocuta;spotted hyaena,hyena,0.9973,classifier,1491,276,1781
S1_N12_R1_PICT0080.jpg,empty,True,empty,animal,0.1011,,,,,1554,,1569
S1_N12_R1_PICT0145.jpg,empty,True,empty,,,,,,,1466,,1480
S1_N12_R1_PICT0335.jpg,empty,True,empty,animal,0.1655,,,,,1499,,1513
S1_N12_R1_PICT0601.jpg,empty,True,empty,,,,,,,1477,,1490
S1_N12_R1_PICT0726.jpg,empty,True,empty,,,,,,,1619,,1635
S1_N12_R1_PICT0991.jpg,empty,True,empty,,,,,,,1556,,1570
S1_N12_R1_PICT0992.jpg,empty,True,empty,,,,,,,1547,,1569
S1_N12_R1_PICT1014.jpg,empty,True,empty,,,,,,,1506,,1520
S1_N12_R1_PICT1321.jpg,empty,True,empty,,,,,,,1534,,1551
S1_N12_R1_PICT1378.jpg,empty,True,empty,,,,,,,1466,,1481
S1_N12_R1_PICT1494.jpg,empty,True,empty,,,,,,,1494,,1510
S1_N12_R1_PICT1604.jpg,empty,True,empty,,,,,,,1530,,1558
S1_N12_R1_PICT1836.jpg,empty,True,animal,animal,0.268,f1856211-cfb7-4a5b-9158-c0f72fd09ee6;;;;;;blank,blank,0.9969,classifier,1467,281,1762
S1_N12_R1_PICT2036.jpg,empty,True,animal,animal,0.3141,f1856211-cfb7-4a5b-9158-c0f72fd09ee6;;;;;;blank,blank,0.9963,classifier,1479,270,1763
S1_N12_R1_PICT2329.jpg,empty,True,empty,animal,0.1714,,,,,1442,,1456
S1_N12_R1_PICT2778.jpg,empty,True,empty,,,,,,,1470,,1485
S1_N12_R1_PICT3051.jpg,empty,True,empty,vehicle,0.1595,,,,,1492,,1507
S1_N12_R1_PICT3113.jpg,empty,True,empty,,,,,,,1565,,1582
S1_N12_R1_PICT4475.jpg,empty,True,animal,animal,0.2557,f2efdae9-efb8-48fb-8a91-eccf79ab4ffb;no cv result;no cv result;no cv result;no cv result;no cv result;no cv result,unknown,0.9712,classifier,1493,286,1798
S1_N12_R1_PICT4872.jpg,empty,True,animal,animal,0.229,f1856211-cfb7-4a5b-9158-c0f72fd09ee6;;;;;;blank,blank,0.994,classifier,1536,269,1820
S1_N12_R1_PICT5085.jpg,empty,True,animal,animal,0.2183,f1856211-cfb7-4a5b-9158-c0f72fd09ee6;;;;;;blank,blank,0.9902,classifier,1483,263,1760
S1_N12_R1_PICT5609.jpg,empty,True,empty,,,,,,,1501,,1509
S1_N12_R1_PICT5967.jpg,empty,True,empty,,,,,,,1436,,1445
S1_O05_R1_PICT0117.jpg,empty,True,empty,,,,,,,1545,,1562
S1_O05_R1_PICT0145.jpg,empty,True,empty,animal,0.1429,,,,,1600,,1617
S1_O05_R1_PICT0196.jpg,empty,True,empty,,,,,,,1525,,1542
S1_O05_R1_PICT0479.jpg,empty,True,empty,,,,,,,1470,,1488
S1_O05_R1_PICT0547.jpg,empty,True,empty,,,,,,,1489,,1503
S1_O05_R1_PICT1257.jpg,empty,True,animal,animal,0.3245,f2efdae9-efb8-48fb-8a91-eccf79ab4ffb;no cv result;no cv result;no cv result;no cv result;no cv result;no cv result,unknown,0.7191,classifier,1699,291,2005
S1_O05_R1_PICT1409.jpg,empty,True,empty,,,,,,,1611,,1627
S1_O05_R1_PICT1653.jpg,empty,True,animal,animal,0.2959,f2efdae9-efb8-48fb-8a91-eccf79ab4ffb;no cv result;no cv result;no cv result;no cv result;no cv result;no cv result,unknown,0.9658,classifier,1507,312,1835
S1_O05_R1_PICT1914.jpg,empty,True,empty,,,,,,,1492,,1506
S1_O05_R1_PICT1946.jpg,empty,True,empty,,,,,,,1511,,1526
S1_O05_R1_PICT2121.jpg,empty,True,empty,,,,,,,1497,,1511
S1_O05_R1_PICT2680.jpg,empty,True,empty,,,,,,,1457,,1472
S1_O05_R1_PICT3095.jpg,empty,True,empty,,,,,,,1481,,1495
S1_O05_R1_PICT3247.jpg,empty,True,empty,,,,,,,1565,,1578
S1_O05_R1_PICT4111.jpg,buffalo,False,animal,animal,0.8301,9732cefb-6a08-49f6-b61e-b9a9054368c4;mammalia;artiodactyla;bovidae;syncerus;caffer;african buffalo,buffalo,0.9928,classifier,1596,270,1881
S1_O05_R1_PICT5228.jpg,empty,True,empty,,,,,,,1509,,1523
S1_O05_R1_PICT5416.jpg,empty,True,empty,,,,,,,1460,,1475
S1_O05_R1_PICT5436.jpg,empty,True,empty,,,,,,,1513,,1527
S1_O05_R1_PICT5641.jpg,elephant,False,animal,animal,0.8591,55631055-3e0e-4b7a-9612-dedebe9f78b0;mammalia;proboscidea;elephantidae;loxodonta;africana;african elephant,elephant,0.994,classifier,1485,289,1790
S1_O05_R1_PICT5659.jpg,elephant,False,animal,animal,0.8806,55631055-3e0e-4b7a-9612-dedebe9f78b0;mammalia;proboscidea;elephantidae;loxodonta;africana;african elephant,elephant,0.9938,classifier,1554,294,1863
S1_O05_R1_PICT5699.jpg,empty,True,animal,animal,0.3609,f2efdae9-efb8-48fb-8a91-eccf79ab4ffb;no cv result;no cv result;no cv result;no cv result;no cv result;no cv result,unknown,0.9455,classifier,1488,265,1769
S1_O05_R1_PICT5976.jpg,empty,True,empty,,,,,,,1511,,1525
S1_O05_R1_PICT6161.jpg,empty,True,empty,,,,,,,1495,,1512
S1_O05_R1_PICT6174.jpg,elephant,False,animal,animal,0.7703,55631055-3e0e-4b7a-9612-dedebe9f78b0;mammalia;proboscidea;elephantidae;loxodonta;africana;african elephant,elephant,0.9949,classifier,1537,288,1839
S1_O05_R1_PICT6483.jpg,empty,True,empty,,,,,,,1474,,1489
S1_O06_R1_PICT0139.jpg,empty,True,empty,,,,,,,1593,,1608
S1_O06_R1_PICT0230.jpg,empty,True,empty,,,,,,,1474,,1488
S1_O06_R1_PICT0517.jpg,empty,True,empty,,,,,,,1512,,1526
S1_O06_R1_PICT0731.jpg,empty,True,empty,,,,,,,1461,,1475
S1_O06_R1_PICT0954.jpg,empty,True,empty,,,,,,,1482,,1496
S1_O06_R1_PICT1085.jpg,empty,True,empty,,,,,,,1467,,1484
S1_O06_R1_PICT1234.jpg,empty,True,empty,,,,,,,1490,,1504
S1_O06_R1_PICT1578.jpg,empty,True,empty,,,,,,,1574,,1588
S1_O07_R1_PICT0413.jpg,empty,True,empty,,,,,,,1482,,1495
S1_O07_R1_PICT0504.jpg,empty,True,animal,animal,0.2439,f1856211-cfb7-4a5b-9158-c0f72fd09ee6;;;;;;blank,blank,0.9971,classifier,1505,323,1842
S1_O07_R1_PICT0588.jpg,empty,True,empty,animal,0.1986,,,,,1454,,1467
S1_O07_R1_PICT0623.jpg,empty,True,empty,,,,,,,1518,,1533
S1_O07_R1_PICT0827.jpg,empty,True,animal,animal,0.3048,f1856211-cfb7-4a5b-9158-c0f72fd09ee6;;;;;;blank,blank,0.9995,classifier,1460,285,1760
S1_O07_R1_PICT0860.jpg,empty,True,animal,animal,0.3437,f1856211-cfb7-4a5b-9158-c0f72fd09ee6;;;;;;blank,blank,0.998,classifier,1564,389,1968
S1_O07_R1_PICT1106.jpg,empty,True,empty,,,,,,,1543,,1559
S1_O07_R1_PICT1476.jpg,empty,True,empty,,,,,,,1516,,1530
S1_O07_R1_PICT1481.jpg,empty,True,empty,,,,,,,1560,,1573
S1_O07_R1_PICT1663.jpg,empty,True,empty,,,,,,,1697,,1711
S1_O07_R1_PICT1844.jpg,empty,True,empty,,,,,,,1605,,1621
S1_O07_R1_PICT2575.jpg,empty,True,animal,animal,0.2405,f1856211-cfb7-4a5b-9158-c0f72fd09ee6;;;;;;blank,blank,0.9973,classifier,1603,313,1932
S1_O07_R1_PICT2806.jpg,empty,True,empty,,,,,,,1519,,1533
S1_O07_R1_PICT3417.jpg,empty,True,empty,,,,,,,1595,,1610
S1_O07_R1_PICT3751.jpg,empty,True,empty,,,,,,,1532,,1546
S1_O07_R1_PICT4316.jpg,empty,True,empty,animal,0.1059,,,,,1463,,1480
S1_O07_R1_PICT4467.jpg,empty,True,empty,animal,0.1906,,,,,1506,,1519
S1_O07_R1_PICT4481.jpg,empty,True,empty,,,,,,,1512,,1525
S1_O07_R1_PICT4546.jpg,empty,True,empty,,,,,,,1487,,1500
S1_O07_R1_PICT4849.jpg,empty,True,empty,,,,,,,1512,,1526
S1_O07_R1_PICT4876.jpg,empty,True,empty,,,,,,,1511,,1526
S1_O07_R1_PICT5414.jpg,empty,True,animal,animal,0.2557,f2efdae9-efb8-48fb-8a91-eccf79ab4ffb;no cv result;no cv result;no cv result;no cv result;no cv result;no cv result,unknown,0.9851,classifier,1473,271,1758
S1_O07_R1_PICT5560.jpg,empty,True,animal,animal,0.2771,f1856211-cfb7-4a5b-9158-c0f72fd09ee6;;;;;;blank,blank,0.9928,classifier,1466,315,1794
S1_O07_R1_PICT5590.jpg,empty,True,empty,,,,,,,1535,,1551
S1_O07_R1_PICT5654.jpg,empty,True,empty,animal,0.1627,,,,,1559,,1573
S1_O07_R1_PICT5908.jpg,empty,True,empty,animal,0.1168,,,,,1488,,1502
S1_O07_R1_PICT5963.jpg,empty,True,empty,,,,,,,1521,,1535
S1_O10_R1_PICT0635.jpg,empty,True,animal,animal,0.4149,f1856211-cfb7-4a5b-9158-c0f72fd09ee6;;;;;;blank,blank,0.9979,classifier,1601,326,1944
S1_O10_R1_PICT0748.jpg,empty,True,empty,,,,,,,1504,,1521
S1_O10_R1_PICT0790.jpg,empty,True,empty,,,,,,,1506,,1522
S1_O10_R1_PICT1025.jpg,empty,True,animal,animal,0.3274,f1856211-cfb7-4a5b-9158-c0f72fd09ee6;;;;;;blank,blank,0.9997,classifier,1518,302,1838
S1_O10_R1_PICT1326.jpg,empty,True,empty,,,,,,,1511,,1527
S1_O10_R1_PICT1434.jpg,empty,True,empty,,,,,,,1480,,1495
S1_O10_R1_PICT1548.jpg,empty,True,empty,,,,,,,1487,,1503
S1_O10_R1_PICT1647.jpg,empty,True,empty,,,,,,,1680,,1695
S1_O10_R1_PICT1825.jpg,empty,True,empty,,,,,,,1553,,1570
S1_O10_R1_PICT1961.jpg,empty,True,empty,,,,,,,1654,,1671
S1_O10_R2_PICT0265.jpg,empty,True,empty,,,,,,,1508,,1525
S1_O10_R2_PICT0655.jpg,empty,True,empty,,,,,,,1523,,1540
S1_O10_R2_PICT0753.jpg,empty,True,empty,,,,,,,1539,,1553
S1_O10_R2_PICT1229.jpg,empty,True,empty,,,,,,,1465,,1479
S1_O10_R2_PICT1608.jpg,empty,True,empty,,,,,,,1535,,1549
S1_O10_R2_PICT1718.jpg,empty,True,empty,,,,,,,1490,,1505
S1_O10_R2_PICT2331.jpg,empty,True,empty,,,,,,,1525,,1539
S1_O10_R2_PICT2368.jpg,empty,True,empty,,,,,,,1505,,1519
S1_O10_R2_PICT2594.jpg,empty,True,empty,,,,,,,1534,,1549
S1_O10_R2_PICT3072.jpg,empty,True,empty,,,,,,,1479,,1494
S1_O10_R2_PICT3184.jpg,empty,True,empty,,,,,,,1751,,1766
S1_O10_R2_PICT3503.jpg,empty,True,empty,,,,,,,1551,,1569
S1_O10_R2_PICT3579.jpg,empty,True,empty,,,,,,,1630,,1646
S1_O10_R2_PICT3587.jpg,empty,True,empty,,,,,,,1509,,1526
S1_O10_R2_PICT3960.jpg,empty,True,empty,,,,,,,1540,,1554
S1_O10_R2_PICT4468.jpg,empty,True,empty,animal,0.1248,,,,,1484,,1499
S1_O10_R2_PICT4530.jpg,empty,True,empty,,,,,,,1454,,1468
S1_O10_R2_PICT4568.jpg,empty,True,empty,,,,,,,1543,,1558
S1_O10_R2_PICT5002.jpg,empty,True,empty,,,,,,,1508,,1522
S1_O10_R2_PICT5099.jpg,empty,True,empty,,,,,,,1506,,1520
S1_O10_R2_PICT5533.jpg,empty,True,empty,,,,,,,1537,,1554
S1_O10_R2_PICT6021.jpg,empty,True,empty,,,,,,,1582,,1598
S1_O11_R1_PICT0364.jpg,giraffe,False,animal,animal,0.9422,2dca052b-dff5-4cc9-8072-1282c5713286;mammalia;artiodactyla;giraffidae;giraffa;camelopardalis;giraffe,giraffe,0.9955,classifier,1502,318,1833
S1_O11_R1_PICT0597.jpg,empty,True,vehicle,vehicle,0.5917,,,,,1484,,1499
S1_P06_R1_PICT0143.jpg,empty,True,empty,,,,,,,1508,,1524
S1_P06_R1_PICT0302.jpg,empty,True,empty,,,,,,,1600,,1614
S1_P06_R1_PICT0788.jpg,empty,True,empty,,,,,,,1501,,1516
S1_P06_R1_PICT0970.jpg,empty,True,empty,,,,,,,1484,,1498
S1_P06_R1_PICT1266.jpg,empty,True,empty,,,,,,,1527,,1541
S1_P06_R1_PICT1574.jpg,empty,True,empty,,,,,,,1487,,1501
S1_P06_R1_PICT1614.jpg,warthog,False,animal,animal,0.8804,ccd7d6d7-8eb2-4fdb-a6d6-f1970847e449;mammalia;artiodactyla;suidae;phacochoerus;africanus;common warthog,warthog,0.9768,classifier,1482,270,1766
S1_P06_R1_PICT1866.jpg,empty,True,empty,,,,,,,1517,,1531
S1_P06_R1_PICT2435.jpg,empty,True,empty,,,,,,,1493,,1508
S1_P06_R1_PICT2688.jpg,empty,True,empty,,,,,,,1472,,1486
S1_P06_R1_PICT2758.jpg,empty,True,empty,,,,,,,1505,,1521
S1_P06_R1_PICT3472.jpg,empty,True,empty,,,,,,,1439,,1455
S1_P06_R1_PICT3563.jpg,empty,True,empty,,,,,,,1487,,1501
S1_P06_R1_PICT3819.jpg,empty,True,empty,,,,,,,1530,,1543
S1_P06_R1_PICT4071.jpg,empty,True,empty,,,,,,,1466,,1480
S1_P06_R1_PICT4264.jpg,empty,True,empty,,,,,,,1527,,1541
S1_P06_R1_PICT4445.jpg,empty,True,empty,,,,,,,1570,,1585
S1_P06_R1_PICT4667.jpg,empty,True,empty,,,,,,,1553,,1566
S1_P06_R1_PICT4904.jpg,empty,True,empty,,,,,,,1522,,1537
S1_P06_R1_PICT5245.jpg,empty,True,empty,,,,,,,1490,,1504
S1_P06_R1_PICT5404.jpg,empty,True,empty,,,,,,,1621,,1634
S1_P07_R1_PICT0101.jpg,impala,False,animal,animal,0.6174,8cf3fce2-0078-4347-9e46-5324fd12f8ed;mammalia;artiodactyla;bovidae;;;bovidae family,bovidae family,0.6901,classifier+rollup_to_family,1713,380,2107
S1_P07_R1_PICT0156.jpg,lion,False,animal,animal,0.9445,ddf59264-185a-4d35-b647-2785792bdf54;mammalia;carnivora;felidae;panthera;leo;lion,lion,0.9988,classifier,1553,285,1857
S1_P07_R1_PICT0650.jpg,buffalo,False,animal,animal,0.9648,9732cefb-6a08-49f6-b61e-b9a9054368c4;mammalia;artiodactyla;bovidae;syncerus;caffer;african buffalo,buffalo,0.9832,classifier,1522,271,1810
S1_P07_R1_PICT0831.jpg,buffalo,False,animal,animal,0.971,9732cefb-6a08-49f6-b61e-b9a9054368c4;mammalia;artiodactyla;bovidae;syncerus;caffer;african buffalo,buffalo,0.9773,classifier,1619,362,1994
S1_P07_R1_PICT0910.jpg,elephant,False,animal,animal,0.8844,9732cefb-6a08-49f6-b61e-b9a9054368c4;mammalia;artiodactyla;bovidae;syncerus;caffer;african buffalo,buffalo,0.9892,classifier,1569,295,1880
S1_P07_R1_PICT1112.jpg,empty,True,empty,,,,,,,1479,,1493
S1_P07_R1_PICT1248.jpg,empty,True,empty,,,,,,,1569,,1583
S1_P08_R1_PICT0032.jpg,gazelle,False,animal,animal,0.9699,dc5dbe17-a8ca-40a6-ac6a-3b6b1d63e6d6;mammalia;artiodactyla;bovidae;eudorcas;thomsonii;thomson's gazelle,gazelle,0.9966,classifier,1493,278,1786
S1_P10_R1_PICT0079.jpg,hyena,False,animal,animal,0.9713,dce8d520-a3f6-4ed7-a434-bfe98f81a03d;mammalia;carnivora;hyaenidae;crocuta;crocuta;spotted hyaena,hyena,0.9841,classifier,1491,265,1769
S1_P10_R2_PICT0035.jpg,empty,True,empty,,,,,,,1484,,1499
S1_P10_R2_PICT0043.jpg,empty,True,empty,,,,,,,1485,,1506
S1_Q07_R1_PICT0048.jpg,lion,False,animal,animal,0.8322,ddf59264-185a-4d35-b647-2785792bdf54;mammalia;carnivora;felidae;panthera;leo;lion,lion,0.7297,classifier,1474,289,1778
S1_Q07_R1_PICT0213.jpg,warthog,False,animal,animal,0.9558,ccd7d6d7-8eb2-4fdb-a6d6-f1970847e449;mammalia;artiodactyla;suidae;phacochoerus;africanus;common warthog,warthog,0.9772,classifier,1531,278,1825
S1_Q07_R1_PICT0258.jpg,empty,True,empty,,,,,,,1562,,1576
S1_Q08_R1_PICT0049.jpg,lion,False,animal,animal,0.9706,ddf59264-185a-4d35-b647-2785792bdf54;mammalia;carnivora;felidae;panthera;leo;lion,lion,0.9996,classifier,1480,275,1769
S1_Q08_R1_PICT0078.jpg,lion,False,animal,animal,0.9533,ddf59264-185a-4d35-b647-2785792bdf54;mammalia;carnivora;felidae;panthera;leo;lion,lion,0.999,classifier,1473,303,1789
S1_Q08_R1_PICT0190.jpg,lion,False,animal,animal,0.8845,ddf59264-185a-4d35-b647-2785792bdf54;mammalia;carnivora;felidae;panthera;leo;lion,lion,0.9996,classifier,1525,288,1827
S1_Q09_R1_PICT0248.jpg,lion,False,animal,animal,0.7521,1f689929-883d-4dae-958c-3d57ab5b6c16;;;;;;animal,animal,0.7521,detector,1531,296,1843
S1_Q10_R1_PICT0034.jpg,empty,True,empty,,,,,,,1501,,1516
S1_Q10_R2_PICT0111.jpg,hyena,False,animal,animal,0.7551,dce8d520-a3f6-4ed7-a434-bfe98f81a03d;mammalia;carnivora;hyaenidae;crocuta;crocuta;spotted hyaena,hyena,0.9531,classifier,1525,305,1843
S1_Q10_R2_PICT0219.jpg,empty,True,empty,,,,,,,1529,,1545
S1_Q11_R1_PICT0430.jpg,wildebeest,False,animal,animal,0.7004,8cf3fce2-0078-4347-9e46-5324fd12f8ed;mammalia;artiodactyla;bovidae;;;bovidae family,bovidae family,0.7999,classifier+rollup_to_family,1486,300,1802
S1_Q11_R2_PICT0467.jpg,hyena,False,animal,animal,0.6291,dce8d520-a3f6-4ed7-a434-bfe98f81a03d;mammalia;carnivora;hyaenidae;crocuta;crocuta;spotted hyaena,hyena,0.6977,classifier,1523,263,1801
S1_Q12_R1_PICT0249.jpg,gazelle,False,animal,animal,0.9401,dc5dbe17-a8ca-40a6-ac6a-3b6b1d63e6d6;mammalia;artiodactyla;bovidae;eudorcas;thomsonii;thomson's gazelle,gazelle,0.9872,classifier,1531,262,1809
S1_Q12_R1_PICT0309.jpg,hyena,False,animal,animal,0.8927,dce8d520-a3f6-4ed7-a434-bfe98f81a03d;mammalia;carnivora;hyaenidae;crocuta;crocuta;spotted hyaena,hyena,0.9538,classifier,1490,288,1791
S1_Q12_R1_PICT0749.jpg,empty,True,empty,,,,,,,1482,,1498
S1_Q12_R1_PICT0844.jpg,empty,True,empty,,,,,,,1451,,1464
S1_Q12_R1_PICT0923.jpg,gazelle,False,animal,animal,0.9554,8c48ed75-e275-4188-a6b1-55929d298e85;mammalia;artiodactyla;bovidae;nanger;granti;grant's gazelle,gazelle,0.953,classifier,1479,275,1768
S1_Q12_R1_PICT1021.jpg,wildebeest,False,animal,animal,0.3626,f2efdae9-efb8-48fb-8a91-eccf79ab4ffb;no cv result;no cv result;no cv result;no cv result;no cv result;no cv result,unknown,0.5004,classifier,1491,261,1765
S1_R07_R1_PICT0212.jpg,empty,True,empty,,,,,,,1504,,1517
S1_R07_R1_PICT0508.jpg,empty,True,empty,,,,,,,1480,,1494
S1_R07_R1_PICT0606.jpg,empty,True,empty,,,,,,,1463,,1477
S1_R07_R1_PICT0672.jpg,empty,True,empty,,,,,,,1484,,1497
S1_R07_R1_PICT0943.jpg,empty,True,empty,,,,,,,1475,,1490
S1_R07_R1_PICT1301.jpg,empty,True,empty,,,,,,,1493,,1506
S1_R07_R1_PICT1502.jpg,empty,True,empty,,,,,,,1880,,1893
S1_R07_R1_PICT1689.jpg,empty,True,empty,,,,,,,1649,,1674
S1_R07_R1_PICT2469.jpg,empty,True,empty,,,,,,,1549,,1568
S1_R07_R1_PICT2916.jpg,empty,True,empty,,,,,,,1509,,1523
S1_R07_R1_PICT3032.jpg,empty,True,empty,,,,,,,1616,,1631
S1_R07_R1_PICT3224.jpg,empty,True,empty,,,,,,,1572,,1587
S1_R07_R1_PICT3327.jpg,empty,True,empty,,,,,,,2045,,2059
S1_R07_R1_PICT3582.jpg,empty,True,empty,,,,,,,1843,,1867
S1_R07_R1_PICT3601.jpg,empty,True,empty,,,,,,,3779,,30469
S1_R07_R1_PICT3678.jpg,empty,True,empty,,,,,,,1149,,1162
S1_R07_R1_PICT3795.jpg,empty,True,empty,,,,,,,1288,,1298
S1_R07_R1_PICT3804.jpg,empty,True,empty,,,,,,,1281,,1292
S1_R07_R1_PICT3934.jpg,empty,True,empty,,,,,,,1075,,1084
S1_R07_R1_PICT4123.jpg,empty,True,empty,,,,,,,1029,,1038
S1_R07_R1_PICT4184.jpg,empty,True,empty,,,,,,,1144,,1153
S1_R07_R1_PICT4620.jpg,empty,True,empty,,,,,,,1083,,1091
S1_R07_R1_PICT5091.jpg,empty,True,empty,,,,,,,1084,,1093
S1_R07_R1_PICT5229.jpg,empty,True,empty,,,,,,,1003,,1017
S1_R08_R1_PICT0164.jpg,empty,True,empty,,,,,,,1105,,1117
S1_R08_R1_PICT0273.jpg,empty,True,empty,,,,,,,1048,,1059
S1_R08_R1_PICT0347.jpg,empty,True,empty,,,,,,,1017,,1027
S1_R08_R1_PICT0605.jpg,empty,True,empty,,,,,,,996,,1005
S1_R08_R1_PICT0823.jpg,empty,True,empty,,,,,,,1016,,1026
S1_R08_R1_PICT0879.jpg,empty,True,empty,,,,,,,1000,,1011
S1_R08_R1_PICT1214.jpg,empty,True,empty,,,,,,,1068,,1078
S1_R08_R1_PICT1304.jpg,empty,True,empty,,,,,,,1053,,1062
S1_R08_R1_PICT1556.jpg,empty,True,empty,,,,,,,1013,,1022
S1_R08_R1_PICT1946.jpg,empty,True,empty,,,,,,,997,,1005
S1_R08_R1_PICT1949.jpg,empty,True,empty,,,,,,,1018,,1026
S1_R08_R1_PICT2079.jpg,empty,True,empty,,,,,,,993,,1004
S1_R08_R1_PICT2252.jpg,empty,True,empty,,,,,,,1005,,1013
S1_R08_R1_PICT2365.jpg,empty,True,empty,,,,,,,1003,,1012
S1_R08_R1_PICT2654.jpg,empty,True,empty,,,,,,,1011,,1020
S1_R08_R1_PICT2732.jpg,empty,True,empty,,,,,,,1014,,1022
S1_R08_R1_PICT3231.jpg,empty,True,empty,,,,,,,1055,,1064
S1_R08_R1_PICT3365.jpg,empty,True,empty,,,,,,,1034,,1042
S1_R08_R1_PICT3552.jpg,empty,True,empty,,,,,,,1029,,1038
S1_R08_R1_PICT4229.jpg,empty,True,empty,,,,,,,1053,,1061
S1_R08_R1_PICT4761.jpg,empty,True,empty,,,,,,,1026,,1035
S1_R08_R1_PICT5079.jpg,empty,True,empty,,,,,,,1010,,1020
S1_R08_R1_PICT5815.jpg,empty,True,empty,,,,,,,1025,,1034
S1_R08_R1_PICT6038.jpg,empty,True,empty,,,,,,,1001,,1009
S1_R09_R1_PICT0018.jpg,empty,True,animal,animal,0.6725,1f689929-883d-4dae-958c-3d57ab5b6c16;;;;;;animal,animal,0.6725,detector,1028,1157,2194
S1_R09_R1_PICT1013.jpg,warthog,False,animal,animal,0.8846,ccd7d6d7-8eb2-4fdb-a6d6-f1970847e449;mammalia;artiodactyla;suidae;phacochoerus;africanus;common warthog,warthog,0.9808,classifier,1107,211,1328
S1_R09_R1_PICT1558.jpg,empty,True,empty,,,,,,,1012,,1021
S1_R09_R1_PICT1613.jpg,hyena,False,animal,animal,0.8786,eeeb5d26-2a47-4d01-a3de-10b33ec0aee4;mammalia;carnivora;;;;carnivorous mammal,carnivorous mammal,0.974,classifier+rollup_to_order,1017,189,1215
S1_R09_R2_PICT0007.jpg,giraffe,False,animal,animal,0.8761,2dca052b-dff5-4cc9-8072-1282c5713286;mammalia;artiodactyla;giraffidae;giraffa;camelopardalis;giraffe,giraffe,0.979,classifier,1009,193,1211
S1_R10_R1_PICT0077.jpg,hyena,False,animal,animal,0.7934,dce8d520-a3f6-4ed7-a434-bfe98f81a03d;mammalia;carnivora;hyaenidae;crocuta;crocuta;spotted hyaena,hyena,0.8468,classifier,1027,191,1228
S1_R10_R1_PICT0144.jpg,hyena,False,animal,animal,0.5451,dce8d520-a3f6-4ed7-a434-bfe98f81a03d;mammalia;carnivora;hyaenidae;crocuta;crocuta;spotted hyaena,hyena,0.8329,classifier,1018,197,1223
S1_R10_R1_PICT0307.jpg,gazelle,False,animal,animal,0.8727,8c48ed75-e275-4188-a6b1-55929d298e85;mammalia;artiodactyla;bovidae;nanger;granti;grant's gazelle,gazelle,0.9613,classifier,1012,191,1213
S1_R10_R1_PICT0891.jpg,empty,True,animal,animal,0.6844,1f689929-883d-4dae-958c-3d57ab5b6c16;;;;;;animal,animal,0.6844,detector,1052,190,1252
S1_R10_R1_PICT0968.jpg,gazelle,False,animal,animal,0.9648,dc5dbe17-a8ca-40a6-ac6a-3b6b1d63e6d6;mammalia;artiodactyla;bovidae;eudorcas;thomsonii;thomson's gazelle,gazelle,0.9833,classifier,1033,206,1248
S1_R10_R1_PICT1336.jpg,hyena,False,animal,animal,0.727,dce8d520-a3f6-4ed7-a434-bfe98f81a03d;mammalia;carnivora;hyaenidae;crocuta;crocuta;spotted hyaena,hyena,0.9572,classifier,1062,191,1262
S1_R10_R1_PICT1401.jpg,gazelle,False,animal,animal,0.937,dc5dbe17-a8ca-40a6-ac6a-3b6b1d63e6d6;mammalia;artiodactyla;bovidae;eudorcas;thomsonii;thomson's gazelle,gazelle,0.9916,classifier,1192,210,1412
S1_R10_R1_PICT1461.jpg,warthog,False,animal,animal,0.8833,ccd7d6d7-8eb2-4fdb-a6d6-f1970847e449;mammalia;artiodactyla;suidae;phacochoerus;africanus;common warthog,warthog,0.9711,classifier,1082,212,1302
S1_R10_R1_PICT1540.jpg,warthog,False,animal,animal,0.9321,ccd7d6d7-8eb2-4fdb-a6d6-f1970847e449;mammalia;artiodactyla;suidae;phacochoerus;africanus;common warthog,warthog,0.9898,classifier,1142,207,1357
S1_R10_R1_PICT1664.jpg,gazelle,False,animal,animal,0.9149,8c48ed75-e275-4188-a6b1-55929d298e85;mammalia;artiodactyla;bovidae;nanger;granti;grant's gazelle,gazelle,0.6919,classifier,1089,208,1306
S1_R10_R2_PICT0185.jpg,hyena,False,empty,animal,0.1294,,,,,1088,,1097
S1_R10_R2_PICT0413.jpg,zebra,False,animal,animal,0.8679,dd39bbd5-077c-482e-9d33-bd176116c870;mammalia;perissodactyla;equidae;equus;quagga;plains zebra,zebra,0.9478,classifier,1139,228,1376
S1_R10_R2_PICT0444.jpg,zebra,False,animal,animal,0.9326,dd39bbd5-077c-482e-9d33-bd176116c870;mammalia;perissodactyla;equidae;equus;quagga;plains zebra,zebra,0.9557,classifier,1097,236,1343
S1_R10_R2_PICT0904.jpg,empty,True,empty,,,,,,,1044,,1053
S1_R10_R2_PICT1221.jpg,empty,True,empty,,,,,,,1069,,1078
S1_R12_R1_PICT0156.jpg,gazelle,False,animal,animal,0.9567,8cf3fce2-0078-4347-9e46-5324fd12f8ed;mammalia;artiodactyla;bovidae;;;bovidae family,bovidae family,0.9865,classifier+rollup_to_family,1089,201,1299
S1_R12_R1_PICT0269.jpg,empty,True,empty,,,,,,,1045,,1053
S1_R12_R2_PICT0582.jpg,gazelle,False,animal,animal,0.919,dc5dbe17-a8ca-40a6-ac6a-3b6b1d63e6d6;mammalia;artiodactyla;bovidae;eudorcas;thomsonii;thomson's gazelle,gazelle,0.9946,classifier,1039,211,1259
S1_R12_R2_PICT1989.jpg,empty,True,empty,,,,,,,1031,,1041
S1_S08_R1_PICT0123.jpg,empty,True,empty,,,,,,,1023,,1031
S1_S08_R1_PICT0189.jpg,empty,True,empty,,,,,,,1040,,1052
S1_S08_R1_PICT0233.jpg,empty,True,empty,,,,,,,1074,,1084
S1_S08_R1_PICT0335.jpg,empty,True,empty,,,,,,,1072,,1082
S1_S08_R1_PICT0946.jpg,empty,True,empty,,,,,,,1029,,1038
S1_S08_R1_PICT1617.jpg,empty,True,empty,,,,,,,1205,,1214
S1_S08_R1_PICT1628.jpg,empty,True,empty,,,,,,,1506,,1515
S1_S08_R1_PICT1818.jpg,empty,True,empty,,,,,,,1512,,1522
S1_S08_R1_PICT1945.jpg,empty,True,empty,,,,,,,1296,,1307
S1_S08_R1_PICT2011.jpg,empty,True,empty,,,,,,,1315,,1325
S1_S08_R1_PICT2038.jpg,empty,True,empty,,,,,,,1305,,1315
S1_S08_R1_PICT2151.jpg,empty,True,empty,,,,,,,1196,,1207
S1_S08_R1_PICT2238.jpg,empty,True,empty,,,,,,,1216,,1227
S1_S08_R1_PICT2289.jpg,empty,True,empty,,,,,,,1214,,1225
S1_S08_R1_PICT2355.jpg,empty,True,empty,,,,,,,1208,,1217
S1_S08_R1_PICT2369.jpg,empty,True,empty,,,,,,,1190,,1200
S1_S08_R1_PICT2403.jpg,empty,True,empty,,,,,,,1163,,1173
S1_S08_R1_PICT3141.jpg,empty,True,empty,,,,,,,1157,,1166
S1_S08_R1_PICT3256.jpg,empty,True,empty,,,,,,,1173,,1184
S1_S08_R1_PICT3695.jpg,empty,True,empty,,,,,,,1127,,1136
S1_S08_R1_PICT3754.jpg,empty,True,empty,,,,,,,1000,,1010
S1_S08_R1_PICT3950.jpg,empty,True,empty,,,,,,,1016,,1025
S1_S08_R1_PICT4187.jpg,empty,True,empty,,,,,,,1002,,1011
S1_S08_R1_PICT4323.jpg,empty,True,empty,,,,,,,1024,,1033
S1_S08_R1_PICT4455.jpg,empty,True,empty,,,,,,,1008,,1017
S1_S08_R1_PICT4808.jpg,empty,True,empty,,,,,,,1019,,1031
S1_S08_R1_PICT4879.jpg,empty,True,empty,,,,,,,1036,,1045
S1_S08_R1_PICT5070.jpg,empty,True,empty,,,,,,,1023,,1034
S1_S08_R1_PICT5739.jpg,empty,True,empty,,,,,,,1034,,1043
S1_S08_R1_PICT5971.jpg,empty,True,empty,,,,,,,1033,,1042
S1_S08_R1_PICT6240.jpg,empty,True,empty,,,,,,,1003,,1011
S1_S10_R1_PICT0091.jpg,empty,True,empty,,,,,,,1016,,1025
S1_S10_R1_PICT0196.jpg,empty,True,empty,,,,,,,1004,,1014
S1_S11_R1_PICT0102.jpg,lion,False,animal,animal,0.9364,ddf59264-185a-4d35-b647-2785792bdf54;mammalia;carnivora;felidae;panthera;leo;lion,lion,0.9984,classifier,1019,200,1228
S1_S11_R1_PICT0125.jpg,lion,False,animal,animal,0.9591,ddf59264-185a-4d35-b647-2785792bdf54;mammalia;carnivora;felidae;panthera;leo;lion,lion,0.9975,classifier,1002,196,1207
S1_S11_R1_PICT0132.jpg,lion,False,animal,animal,0.7917,ddf59264-185a-4d35-b647-2785792bdf54;mammalia;carnivora;felidae;panthera;leo;lion,lion,0.9964,classifier,1031,192,1233
S1_S11_R1_PICT0149.jpg,empty,True,empty,,,,,,,1015,,1024
S1_S11_R1_PICT0287.jpg,lion,False,animal,animal,0.9684,ddf59264-185a-4d35-b647-2785792bdf54;mammalia;carnivora;felidae;panthera;leo;lion,lion,0.9896,classifier,1033,196,1238
S1_S12_R1_PICT0032.jpg,giraffe,False,animal,animal,0.252,2dca052b-dff5-4cc9-8072-1282c5713286;mammalia;artiodactyla;giraffidae;giraffa;camelopardalis;giraffe,giraffe,0.987,classifier,1031,190,1231
S1_S12_R1_PICT0045.jpg,empty,True,empty,,,,,,,1029,,1038
S1_S12_R1_PICT0064.jpg,empty,True,empty,,,,,,,1044,,1053
S1_S12_R1_PICT0182.jpg,lion,False,animal,animal,0.9354,ddf59264-185a-4d35-b647-2785792bdf54;mammalia;carnivora;felidae;panthera;leo;lion,lion,0.9987,classifier,1034,188,1231
S1_S13_R1_PICT0022.jpg,hyena,False,animal,animal,0.9612,dce8d520-a3f6-4ed7-a434-bfe98f81a03d;mammalia;carnivora;hyaenidae;crocuta;crocuta;spotted hyaena,hyena,0.9732,classifier,1072,197,1279
S1_S13_R1_PICT0259.jpg,empty,True,empty,,,,,,,1047,,1056
S1_S13_R1_PICT0659.jpg,hyena,False,animal,animal,0.9663,dce8d520-a3f6-4ed7-a434-bfe98f81a03d;mammalia;carnivora;hyaenidae;crocuta;crocuta;spotted hyaena,hyena,0.9917,classifier,1099,213,1321
S1_T09_R1_PICT0391.jpg,empty,True,empty,,,,,,,1120,,1130
S1_T10_R1_PICT0086.jpg,warthog,False,animal,animal,0.9185,ccd7d6d7-8eb2-4fdb-a6d6-f1970847e449;mammalia;artiodactyla;suidae;phacochoerus;africanus;common warthog,warthog,0.9839,classifier,1165,212,1388
S1_T10_R1_PICT0162.jpg,warthog,False,animal,animal,0.8468,ccd7d6d7-8eb2-4fdb-a6d6-f1970847e449;mammalia;artiodactyla;suidae;phacochoerus;africanus;common warthog,warthog,0.9891,classifier,1134,209,1354
S1_T10_R1_PICT0188.jpg,wildebeest,False,animal,animal,0.682,ccd7d6d7-8eb2-4fdb-a6d6-f1970847e449;mammalia;artiodactyla;suidae;phacochoerus;africanus;common warthog,warthog,0.9664,classifier,1124,220,1355
S1_T10_R1_PICT0394.jpg,empty,True,empty,,,,,,,1140,,1150
S1_T10_R1_PICT0405.jpg,wildebeest,False,animal,animal,0.7734,ccd7d6d7-8eb2-4fdb-a6d6-f1970847e449;mammalia;artiodactyla;suidae;phacochoerus;africanus;common warthog,warthog,0.9806,classifier,1158,221,1390
S1_T10_R2_PICT0014.jpg,warthog,False,animal,animal,0.9789,ccd7d6d7-8eb2-4fdb-a6d6-f1970847e449;mammalia;artiodactyla;suidae;phacochoerus;africanus;common warthog,warthog,0.9705,classifier,1165,222,1399
S1_T10_R2_PICT0027.jpg,warthog,False,animal,animal,0.9663,ccd7d6d7-8eb2-4fdb-a6d6-f1970847e449;mammalia;artiodactyla;suidae;phacochoerus;africanus;common warthog,warthog,0.9868,classifier,1221,222,1454
S1_T10_R2_PICT0109.jpg,warthog,False,animal,animal,0.8624,ccd7d6d7-8eb2-4fdb-a6d6-f1970847e449;mammalia;artiodactyla;suidae;phacochoerus;africanus;common warthog,warthog,0.9748,classifier,1215,219,1446
S1_T11_R1_PICT0094.jpg,empty,True,empty,,,,,,,1200,,1212
S1_T11_R1_PICT0425.jpg,empty,True,empty,,,,,,,1181,,1192
S1_T12_R1_PICT0009.jpg,empty,True,empty,,,,,,,1165,,1180
S1_T12_R1_PICT0145.jpg,empty,True,empty,,,,,,,1249,,1261
S1_T12_R1_PICT0208.jpg,empty,True,empty,,,,,,,1254,,1266
S1_T12_R1_PICT0337.jpg,empty,True,empty,,,,,,,1186,,1197
S1_T12_R1_PICT0548.jpg,empty,True,empty,,,,,,,1252,,1264
S1_T12_R1_PICT0571.jpg,empty,True,empty,,,,,,,1182,,1192
S1_T12_R1_PICT0649.jpg,empty,True,empty,,,,,,,1208,,1223
S1_T12_R1_PICT0723.jpg,empty,True,empty,,,,,,,1176,,1188
S1_T12_R1_PICT0847.jpg,empty,True,empty,,,,,,,1169,,1180
S1_T12_R1_PICT0920.jpg,empty,True,empty,,,,,,,1158,,1168
S1_T12_R1_PICT1116.jpg,empty,True,empty,,,,,,,1168,,1179
S1_T12_R1_PICT1726.jpg,empty,True,empty,,,,,,,1149,,1160
S1_T12_R1_PICT2292.jpg,empty,True,empty,,,,,,,1125,,1136
S1_T12_R1_PICT2328.jpg,empty,True,empty,,,,,,,1160,,1171
S1_T12_R1_PICT2561.jpg,empty,True,empty,,,,,,,1196,,1207
S1_T12_R1_PICT2568.jpg,empty,True,empty,,,,,,,1349,,1361
S1_T12_R1_PICT2809.jpg,empty,True,empty,,,,,,,1144,,1154
S1_T12_R1_PICT3087.jpg,empty,True,empty,,,,,,,1130,,1140
S1_T12_R1_PICT3479.jpg,empty,True,empty,,,,,,,1088,,1098
S1_T12_R1_PICT3591.jpg,empty,True,empty,,,,,,,1015,,1024
S1_T12_R1_PICT4215.jpg,empty,True,empty,,,,,,,1062,,1071
S1_T12_R1_PICT4297.jpg,empty,True,empty,,,,,,,1022,,1031
S1_T12_R1_PICT4704.jpg,empty,True,empty,,,,,,,1028,,1038
S1_T12_R1_PICT4886.jpg,empty,True,empty,,,,,,,1050,,1059
S1_T12_R1_PICT5127.jpg,empty,True,empty,,,,,,,1051,,1061
S1_T12_R1_PICT5475.jpg,empty,True,empty,,,,,,,1005,,1015
S1_T12_R1_PICT5921.jpg,empty,True,empty,,,,,,,1032,,1041
S1_T12_R1_PICT6055.jpg,empty,True,empty,,,,,,,1014,,1023
S1_T13_R1_PICT0497.jpg,empty,True,empty,animal,0.1916,,,,,1025,,1034
S1_T13_R1_PICT0993.jpg,lion,False,animal,animal,0.8653,ddf59264-185a-4d35-b647-2785792bdf54;mammalia;carnivora;felidae;panthera;leo;lion,lion,0.7924,classifier,1001,199,1210
S1_T13_R1_PICT0999.jpg,lion,False,animal,animal,0.9742,ddf59264-185a-4d35-b647-2785792bdf54;mammalia;carnivora;felidae;panthera;leo;lion,lion,0.9995,classifier,1022,192,1222
S1_T13_R1_PICT1249.jpg,empty,True,empty,,,,,,,1009,,1019
S1_T13_R1_PICT1477.jpg,empty,True,animal,animal,0.4488,f1856211-cfb7-4a5b-9158-c0f72fd09ee6;;;;;;blank,blank,0.9978,classifier,1055,193,1257
S1_T13_R1_PICT1483.jpg,empty,True,empty,,,,,,,1037,,1047
S1_T13_R1_PICT1872.jpg,empty,True,animal,animal,0.8062,1f689929-883d-4dae-958c-3d57ab5b6c16;;;;;;animal,animal,0.8062,detector,1023,187,1220
S1_T13_R1_PICT1898.jpg,empty,True,empty,,,,,,,1045,,1054
S1_T13_R1_PICT2093.jpg,empty,True,empty,,,,,,,1024,,1034
S1_T13_R1_PICT2134.jpg,empty,True,empty,,,,,,,1052,,1064
S1_T13_R1_PICT2285.jpg,empty,True,empty,animal,0.1619,,,,,1044,,1054
S1_T13_R1_PICT2699.jpg,empty,True,empty,,,,,,,1083,,1092
S1_T13_R1_PICT4001.jpg,empty,True,empty,,,,,,,1081,,1091
S1_T13_R1_PICT4108.jpg,empty,True,empty,,,,,,,1096,,1106
S1_T13_R1_PICT4330.jpg,empty,True,empty,animal,0.1863,,,,,1086,,1097
S1_T13_R1_PICT4734.jpg,empty,True,empty,,,,,,,1108,,1118
S1_T13_R1_PICT4789.jpg,empty,True,animal,animal,0.2303,f1856211-cfb7-4a5b-9158-c0f72fd09ee6;;;;;;blank,blank,0.9963,classifier,1084,201,1295
S1_T13_R1_PICT4809.jpg,empty,True,empty,,,,,,,1102,,1113
S1_T13_R1_PICT4948.jpg,empty,True,animal,animal,0.9149,739a105e-d883-4ff8-9282-7ec44018e6a0;reptilia;;;;;reptile,reptile,0.7237,classifier,1099,204,1314
S1_T13_R1_PICT5174.jpg,empty,True,empty,,,,,,,1120,,1131
S1_T13_R1_PICT5246.jpg,giraffe,False,empty,,,,,,,1144,,1154
S1_T13_R1_PICT5311.jpg,empty,True,empty,,,,,,,1138,,1148
S1_U09_R1_PICT0012.jpg,empty,True,empty,,,,,,,1196,,1208
S1_U09_R1_PICT0288.jpg,empty,True,empty,,,,,,,1191,,1202
S1_U09_R1_PICT0327.jpg,giraffe,False,animal,animal,0.8695,2dca052b-dff5-4cc9-8072-1282c5713286;mammalia;artiodactyla;giraffidae;giraffa;camelopardalis;giraffe,giraffe,0.9948,classifier,1166,213,1391
S1_U11_R1_PICT0273.jpg,warthog,False,animal,animal,0.9561,ccd7d6d7-8eb2-4fdb-a6d6-f1970847e449;mammalia;artiodactyla;suidae;phacochoerus;africanus;common warthog,warthog,0.9738,classifier,1167,224,1402
S1_U11_R1_PICT0314.jpg,lion,False,animal,animal,0.9539,ddf59264-185a-4d35-b647-2785792bdf54;mammalia;carnivora;felidae;panthera;leo;lion,lion,0.9975,classifier,1163,216,1390
S1_U11_R1_PICT0328.jpg,lion,False,animal,animal,0.8972,ddf59264-185a-4d35-b647-2785792bdf54;mammalia;carnivora;felidae;panthera;leo;lion,lion,0.9934,classifier,1191,218,1421
S1_U12_R1_PICT0091.jpg,empty,True,empty,,,,,,,1525,,1536
S1_U12_R1_PICT0107.jpg,empty,True,empty,,,,,,,1442,,1452
S1_U12_R1_PICT0112.jpg,empty,True,empty,,,,,,,1296,,1307
S1_U12_R1_PICT0600.jpg,empty,True,empty,,,,,,,1030,,1040
S1_U12_R1_PICT1643.jpg,empty,True,empty,,,,,,,998,,1005
S1_U12_R1_PICT1667.jpg,empty,True,empty,,,,,,,1060,,1069
S1_U13_R1_PICT0211.jpg,empty,True,empty,,,,,,,1050,,1059
S1_U13_R1_PICT0263.jpg,empty,True,empty,,,,,,,1090,,1100
S1_V10_R1_PICT0052.jpg,warthog,False,animal,animal,0.9391,ccd7d6d7-8eb2-4fdb-a6d6-f1970847e449;mammalia;artiodactyla;suidae;phacochoerus;africanus;common warthog,warthog,0.9823,classifier,1069,195,1274
S1_V12_R1_PICT0229.jpg,empty,True,empty,,,,,,,1009,,1019
S1_V12_R1_PICT0285.jpg,empty,True,empty,,,,,,,1053,,1061
S1_V12_R1_PICT0932.jpg,empty,True,empty,,,,,,,1022,,1032
S1_V12_R1_PICT0948.jpg,empty,True,empty,,,,,,,1029,,1038
S1_V12_R1_PICT1266.jpg,empty,True,empty,,,,,,,1017,,1026
S1_V12_R1_PICT1322.jpg,empty,True,empty,,,,,,,1021,,1031
S1_V12_R1_PICT1349.jpg,empty,True,empty,,,,,,,1013,,1022
S1_V12_R1_PICT1764.jpg,empty,True,empty,,,,,,,1020,,1030
S1_V12_R1_PICT1913.jpg,empty,True,empty,,,,,,,1026,,1036
S1_V12_R1_PICT2356.jpg,empty,True,empty,,,,,,,1033,,1042
S1_V12_R1_PICT2648.jpg,empty,True,empty,,,,,,,1001,,1010
S1_V12_R1_PICT3019.jpg,empty,True,empty,,,,,,,1076,,1085
S1_V12_R1_PICT3052.jpg,empty,True,empty,,,,,,,1015,,1024
S1_V12_R1_PICT4699.jpg,empty,True,empty,,,,,,,1027,,1036
S1_V12_R1_PICT5196.jpg,empty,True,empty,,,,,,,1018,,1028
S1_V12_R1_PICT5739.jpg,empty,True,empty,,,,,,,1028,,1037
S1_V12_R1_PICT6236.jpg,empty,True,empty,,,,,,,1019,,1028
S1_V13_R1_PICT0181.jpg,empty,True,empty,,,,,,,1029,,1038
S1_V13_R1_PICT0372.jpg,empty,True,empty,,,,,,,1005,,1015
S1_V13_R1_PICT0830.jpg,empty,True,empty,,,,,,,1047,,1056
S1_V13_R1_PICT0836.jpg,empty,True,empty,,,,,,,1034,,1044
S1_V13_R1_PICT0876.jpg,empty,True,empty,,,,,,,1032,,1041
S1_V13_R1_PICT0902.jpg,empty,True,empty,,,,,,,1014,,1024
S1_V13_R1_PICT1185.jpg,empty,True,empty,,,,,,,1029,,1038
S1_V13_R1_PICT1510.jpg,empty,True,empty,,,,,,,993,,1003
S1_V13_R1_PICT2347.jpg,empty,True,empty,,,,,,,1005,,1013
S1_V13_R1_PICT2412.jpg,empty,True,empty,,,,,,,996,,1006
S1_V13_R1_PICT2556.jpg,empty,True,empty,,,,,,,1044,,1053
S1_V13_R1_PICT2898.jpg,empty,True,empty,,,,,,,1030,,1040
S1_V13_R1_PICT2926.jpg,empty,True,empty,,,,,,,1043,,1052
S1_V13_R1_PICT3076.jpg,empty,True,empty,,,,,,,1031,,1040
S1_V13_R1_PICT3399.jpg,empty,True,empty,,,,,,,1041,,1051
S1_V13_R1_PICT3463.jpg,empty,True,empty,,,,,,,1034,,1044
S1_V13_R1_PICT3534.jpg,empty,True,empty,,,,,,,1031,,1039
S1_V13_R1_PICT3800.jpg,empty,True,empty,,,,,,,1014,,1023
